unit_id,field,value,rule_id,confidence,evidence
R142_0001,document_trigger,supplica,M_trigger_incipit,medium,…i sono pregati di rispondere alla supplica di Z. Antonio Rampazetto e nipoti…
R142_0002,fiscal_term,datij,L_fiscal,,"…isordine a pregiudicio delli suoi datij si come siè veduto, nel che ho us…"
R142_0002,fiscal_term,gravezze,L_fiscal,,"…o medesimamente habbeno pagate le gravezze, et non s’havessero à servir del …"
R142_0002,fiscal_term,gravezze,L_fiscal,,… ma quanto poi al pagamento delle gravezze per li anni vinticinque non si ve…
R142_0002,fiscal_term,tansa,L_fiscal,,"…in specialità propria fu posto in tansa l’anno 1566 ducati tre, et per ag…"
R142_0002,fiscal_term,Decima,L_fiscal,,"… pagato sotto quello noe fin alla Decima n° vinti, et per che questi veden…"
R142_0002,fiscal_term,datij,L_fiscal,,…o alla s.tà V. nelli pagamenti di datij a quasi della mità manco di quell…
R142_0002,fiscal_term,datij,L_fiscal,,"… con grandissimo danno delli suoi datij, et l’Avogador di questo caso è i…"
R142_0002,monetary_expression,1566 ducati,L_monetary,,"… propria fu posto in tansa l’anno 1566 ducati tre, et per aggionto ducati doi, …"
R142_0002,monetary_expression,ducati,L_monetary,,"…ria fu posto in tansa l’anno 1566 ducati tre, et per aggionto ducati doi, …"
R142_0002,monetary_expression,ducati,L_monetary,,"… 1566 ducati tre, et per aggionto ducati doi, qual era tentor, et continuò…"
R142_0002,monetary_expression,ducati,L_monetary,,"…tra di cinquantene de migliara de ducati, ma con il mezo, et valor (?) di …"
R142_0002,institutional_term,savij,L_institution,,"…ss.ri Prov.ri di Commun et cinque savij alla m.tia, in tempo, che in dett…"
R142_0002,institutional_term,savij,L_institution,,…e loro barba fu nell’officio di X savij del 1584 27 febraro traslatato da…
R142_0002,institutional_term,Proveditori,L_institution,,"…etter un capitolo nell’officio di Proveditori di Commun, intendendo di giustifi…"
R142_0002,institutional_term,savij,L_institution,,… si come fu scoperto dalli Cinque savij Provissori mentre che ancor io mi…
R142_0002,institutional_term,Proveditori,L_institution,,"… et fu fatto retenir uno fante di Proveditori di Commun, et havendosi rappresen…"
R142_0002,institutional_term,Conseglio di Dieci,L_institution,,"…li Ill.mi ss.ri Capi dell’Eccelso Conseglio di Dieci, et per parte presa in esso Conse…"
R142_0002,institutional_term,Savij,L_institution,,"…r.mo Sicula, che attendeva alli X Savij, quali proclamati restorno absent…"
R142_0002,decision_orientation,inform,M_orientation_from_closing,low,"…to retenir uno fante di Proveditori di Commun, et havendosi rappresentato il tutto alli Ill.mi ss.ri Capi dell’Eccelso Conseglio di D…"
R142_0002,policy_domain,currency_monetary,M_domain_cues,low,cue: oro
R142_0002,document_trigger,supplica,M_trigger_incipit,medium,"…ato molto tempo che fu presentato supplica alla s.tà vostra da me Nadal, Ant…"
R142_0002,person,Piero,P_quondam,,"…t Zuanne Federici Bergamaschi del q. m. Piero, per la qual ricercavano il privi…"
R142_0002,person,Zuanne,P_quondam,,"…o si vorriano servir del nome del q. Zuanne loro barba, qual in specialità pr…"
R142_0003,deontic_formula,stimiamo,L_deontic,,"… considerato in questo proposito, stimiamo, che sia bene, che per regolation…"
R142_0003,deontic_formula,stimiamo,L_deontic,,"…ero nascer, tra quali al presente stimiamo di servitio questi due, cioè, che…"
R142_0003,deontic_formula,debba,L_deontic,,"…uesti due, cioè, che esso consule debba essercitar il suo carico personal…"
R142_0003,deontic_formula,non possa,L_deontic,,"…r il suo carico personalmente, et non possa metter in suo loco sustituto in m…"
R142_0003,deontic_formula,possa,L_deontic,,"… suo carico personalmente, et non possa metter in suo loco sustituto in m…"
R142_0003,deontic_formula,sotto pena,L_deontic,,"…suo loco sustituto in modo alcuno sotto pena de privation, et altre, secondo, …"
R142_0003,deontic_formula,possa,L_deontic,,"…e in occasione di nuova elletione possa portandosi bene, esser anco confi…"
R142_0003,deontic_formula,stimiamo,L_deontic,,"… esser anco confirmato, nel resto stimiamo noi esser cosa conveniente, che d…"
R142_0003,deontic_formula,possa,L_deontic,,"…, et obligi, che gli saranno dati possa ricever, et conseguir anco que’ m…"
R142_0003,deontic_formula,possa,L_deontic,,"…, par a noi conveniente, che egli possa conseguir per ogni nave, o altro …"
R142_0003,deontic_formula,possa,L_deontic,,"…consolato, ne oltre le ditte cose possa lui consule pretendere, ne conseg…"
R142_0003,fiscal_term,datij,L_fiscal,,"… di la nel modo, che si pagano li datij in quelle doane così d’intrada, c…"
R142_0003,monetary_expression,ducati,L_monetary,,"…di beneficio dalle navi Venetiane ducati dieci per nave, ma essendosi poi …"
R142_0003,monetary_expression,ducati,L_monetary,,"…intrada, come d’uscida, et di più ducati 10 per ogni nave Venetiana, che c…"
R142_0003,monetary_expression,ducati 10,L_monetary,,"…intrada, come d’uscida, et di più ducati 10 per ogni nave Venetiana, che capi…"
R142_0003,monetary_expression,ducati,L_monetary,,"…r per ogni nave, o altro vassello ducati 5 o quel più parerà alla Ser.tà V…"
R142_0003,monetary_expression,ducati 5,L_monetary,,"…r per ogni nave, o altro vassello ducati 5 o quel più parerà alla Ser.tà V. …"
R142_0003,institutional_term,Proveditori,L_institution,,"…esso a noi sopra la mercantia, et Proveditori alle Rason vecchie dalla Ser.ma S…"
R142_0003,institutional_term,Rason vecchie,L_institution,,"…la mercantia, et Proveditori alle Rason vecchie dalla Ser.ma Signoria sotto 10 7m…"
R142_0003,institutional_term,Senato,L_institution,,"…e da esser confirmata dall’ecc.mo Senato, per essecutione di che reduti in…"
R142_0003,institutional_term,Senato,L_institution,,…ta questa sua Tariffa dall’Ecc.mo Senato rimettendosi però in tutto al pru…
R142_0003,decision_orientation,recommend,M_orientation_from_closing,low,"…nseguir per ogni nave, o altro vassello ducati 5 o quel più parerà alla Ser.tà V. per la espedittione di esse, principiando il tutto …"
R142_0003,policy_domain,trade_regulation,M_domain_cues,low,cue: mercant
R142_0003,document_trigger,commission,M_trigger_incipit,medium,"Essendo stato commesso a noi sopra la mercantia, et Pro…"
R142_0003,person,Zuanne,P_quondam,,"…zia da interessati la persona del q. Zuanne dall’Olmo, il quale mentre stette…"
R142_0003,place,Venezia,G_gazetteer,,"…attasse li negotij per la nattion Venetiana, essendo già anni cinquanta, et…"
R142_0003,place,Lisbona,G_gazetteer,,"Consule di Lisbona, Tariffa"
R142_0004,deontic_formula,imiamo m,L_deontic,,…et vini di Candia con tutto cio stimiamo molto difficile la introduttione di…
R142_0004,fiscal_term,avezza n,L_fiscal,,…à in quelli Regni liberi d’ogni gravezza noi li dicemo che si bene ne vien a…
R142_0004,decision_orientation,recommend,M_orientation_from_closing,low,…uesta città in quelli Regni liberi d’ogni gravezza noi li dicemo che si bene ne vien affirmato da detto Agente che si potra in…
R142_0004,policy_domain,shipping_navigation,M_domain_cues,low,cue: navi
R142_0004,place,Venezia,G_gazetteer,,"…o di merce (saponi, vini etc.) da Venezia a quel regno. … Quanto aspetta al…"
R142_0004,place,Candia,G_gazetteer,,"… lana, delli savoni, et vini di Candia con tutto cio stimiamo molto diffic…"
R142_0005,deontic_formula,debba,L_deontic,,"…iene dalle leggi sue disposto che debba esser concesso a quelli, che habb…"
R142_0005,fiscal_term,gravezze,L_fiscal,,…t per il medesimo tempo pagate le gravezze della città; la dove havendo noi …
R142_0005,monetary_expression,ducati,L_monetary,,"…na, et che il suo nome fu tansato ducati quattro, et altri ducati quattro …"
R142_0005,monetary_expression,ducati,L_monetary,,"… tansato ducati quattro, et altri ducati quattro di aggionto, et havendo q…"
R142_0005,institutional_term,Senato,L_institution,,…egiato dalla S.ta V. con l’Ecc.mo Senato a 20 Xmbre 1584 della cittadinanz…
R142_0005,decision_orientation,inform,M_orientation_from_closing,low,"…ace, et degno, di quantoha humilmente supplicato, et cio li dicemo, con nostro giuramento… Anzolo Basadonna, Fantin Diedo, Tom…"
R142_0005,policy_domain,citizenship_privilege,M_domain_cues,low,cue: cittadin
R142_0005,document_trigger,supplica,M_trigger_incipit,medium,Habbiamo noi etc veduta la supplicatione de m. Z. Antonio Bozza da Be…
R142_0005,place,Bergamo,G_gazetteer,,…catione de m. Z. Antonio Bozza da Bergamo per la quale ricerca dalla S.tà V…
R142_0005,place,Segna,G_gazetteer,,"…tenendo bottega in marzaria all’insegna della pigna, et che il suo nome f…"
R142_0006,deontic_formula,possano,L_deontic,,"…ssato, et otto o dieci suoi amici possano goder del privilegio, con che fur…"
R142_0006,deontic_formula,debba,L_deontic,,"…ire siano sottoposti a quella, ma debba esser scossa da hebrei Todeschi s…"
R142_0006,deontic_formula,obligati,L_deontic,,"…i solamente come quelli, che sono obligati alli banchi, essendo che anco la …"
R142_0006,fiscal_term,tansa,L_fiscal,,…i levantini et ponentini circa la tansa s.a hebrei Thodeschi Intorno la s…
R142_0006,fiscal_term,datij,L_fiscal,,"…er apportar molto utile alli suoi datij, al popolo et m ti (?) di questa …"
R142_0006,fiscal_term,tanse,L_fiscal,,"…almente dalle contributioni delle tanse, che li vengono imposte dalli heb…"
R142_0006,fiscal_term,gravezza,L_fiscal,,"…i dovevano loro soli sopportar la gravezza, si come hanno fatto sempre per l…"
R142_0006,fiscal_term,gravezza,L_fiscal,,"… aggievolati essi Thodeschi nella gravezza di essi banchi, la qual gravezza,…"
R142_0006,fiscal_term,gravezza,L_fiscal,,"… gravezza di essi banchi, la qual gravezza, che ben vuol penetrare in questo…"
R142_0006,fiscal_term,datij,L_fiscal,,"…portano importanti beneficij alli datij della S.ta Vostra per quello, che…"
R142_0006,fiscal_term,gravezza,L_fiscal,,…vendo noi discorso sopra la detta gravezza impostali per occasion di detti b…
R142_0006,fiscal_term,gravezza,L_fiscal,,"…banchi cosi come è da noi stimata gravezza non dovuta a loro mercanti, et ch…"
R142_0006,fiscal_term,datij,L_fiscal,,"…egotio, et con il pagamento delli datij, par che venghino a dar quella sa…"
R142_0006,fiscal_term,datij,L_fiscal,,…li altri con beneficio delli suoi datij non solamente è da noi stimata qu…
R142_0006,institutional_term,Senato,L_institution,,"… buono, et riuscabile dall’Ecc.mo Senato con le prime informationi noi lo …"
R142_0006,institutional_term,Senato,L_institution,,"… hebrei, delibero la S.ta V. co’l Senato, che essi hebrei fossero accommod…"
R142_0006,institutional_term,Senato,L_institution,,"…a natione, et alla Ponentina co’l Senato del 1590 a 20 Zugno privilegio et…"
R142_0006,institutional_term,Senato,L_institution,,… devono esser sottoposti preso in Senato a 27 luglio 1589. Onde per queste…
R142_0006,decision_orientation,deny,M_orientation_from_closing,low,"…olamente è da noi stimata questa introduttione non atta, ma in tutto contraria per conseguir quello buon fine et questo è quanto."
R142_0006,policy_domain,minorities_governance,M_domain_cues,low,cue: hebre
R142_0006,document_trigger,supplica,M_trigger_incipit,medium,Intorno la supplicatione presentata alla Serenita Vos…
R142_0006,person,Daniel Rodriga,P_quondam,,"…egio, con che furono chiamati dal q. Daniel Rodriga, et come in esse scritture, alle …"
R142_0006,person,Iosua Ferro,P_subject_head,,Iosua Ferro per li hebrei levantini et ponentini circa la ta
R142_0006,place,Roma,G_gazetteer,,"…strazzaria [/ 15v ercan]tie della Romania alta, et bassa, che erano per …"
R142_0007,deontic_formula,stimiamo,L_deontic,,"…vato per essecution di essa leze, stimiamo, che sia bene per transito public…"
R142_0007,fiscal_term,datij,L_fiscal,,"…ittà, con il pagamento però delli datij di questa citta, et come in essa,…"
R142_0007,fiscal_term,datio,L_fiscal,,"…tte di questa città si pagasse il datio di Bergamo fu scritto all’hora, c…"
R142_0007,fiscal_term,datij,L_fiscal,,"…ovessero osservar, et incantar li datij. In essecution della qual legge s…"
R142_0007,fiscal_term,datij,L_fiscal,,…ser stato altro per beneficiar li datij di questa con augumento del negot…
R142_0007,fiscal_term,datio,L_fiscal,,"…iccevi beneficio non solamente il datio dell’insida per l’estrattione, ma…"
R142_0007,fiscal_term,datij,L_fiscal,,"…r l’estrattione, ma anco li altri datij et li mercanti et botteghieri per…"
R142_0007,institutional_term,Senato,L_institution,,"…ome per deliberatione dell’ecc.mo Senato di 11 xmbre 1449, prettendendo li…"
R142_0007,decision_orientation,grant,M_orientation_from_closing,low,"…n di essa leze, stimiamo, che sia bene per transito publico conceder ad essi supplicanti le lettere per loro ricercate et ciò co…"
R142_0007,policy_domain,trade_regulation,M_domain_cues,low,cue: mercant
R142_0007,document_trigger,letters,M_trigger_incipit,medium,… dalla S.tà V. gli siano concesse lettere patenti per condur mercantie estr…
R142_0007,place,Padova,G_gazetteer,,"…nco commesso alli Rettori suoi di Padoa Vicenza Verona, Bressa, et Giara …"
R142_0007,place,Bergamo,G_gazetteer,,"… 1449, prettendendo li datiari di Bergamo, che delle mercantie estratte di …"
R142_0007,place,Verona,G_gazetteer,,"…lli Rettori suoi di Padoa Vicenza Verona, Bressa, et Giara d’Adda et succ.…"
R142_0008,policy_domain,consular_affairs,M_domain_cues,low,cue: console
R142_0008,place,Alessandria,G_gazetteer,,…onsole di Rossetto e Bicchieri in Alessandria
R142_0009,deontic_formula,stimiamo,L_deontic,,"…ndole appresso, che non solamente stimiamo, che non sia bene imponerv datio,…"
R142_0009,deontic_formula,stimiamo,L_deontic,,…hanno introdotto il datio in esse stimiamo che non possi esser si non util s…
R142_0009,deontic_formula,non possi,L_deontic,,…tto il datio in esse stimiamo che non possi esser si non util servitio public…
R142_0009,fiscal_term,datio,L_fiscal,,Saggie fiorentine per imponervi datio et alle carte da zuogo Dovendo no…
R142_0009,fiscal_term,datio,L_fiscal,,"…a nostra opinione circa l’imponer datio alle saggie fiorentine, overo far…"
R142_0009,fiscal_term,datio,L_fiscal,,"…ibitione, et circa anco il metter datio alle carte da gioco iuxta la comm…"
R142_0009,fiscal_term,datio,L_fiscal,,"…imiamo, che non sia bene imponerv datio, ma che si faccia ogni provisione…"
R142_0009,fiscal_term,datio,L_fiscal,,"…e. Quanto aspetta poi all’imponer datio alle carte da zuogo, noi consider…"
R142_0009,fiscal_term,datio,L_fiscal,,…incipi grandi hanno introdotto il datio in esse stimiamo che non possi es…
R142_0009,fiscal_term,datio,L_fiscal,,"…util servitio publico l’imponervi datio sopra con quelli ordeni, che pare…"
R142_0009,decision_orientation,inform,M_orientation_from_closing,low,"… sopra con quelli ordeni, che parera alla S.ta V. et cio le dicemo con nostro giuramento rimet. Etc. Domenego Lion, Toma Mocen…"
R142_0009,policy_domain,taxation_customs,M_domain_cues,low,cue: dati
R142_0009,document_trigger,commission,M_trigger_incipit,medium,…atio alle carte da gioco iuxta la commissione datane dalle ss.rie V. Ecc.me so…
R142_0009,place,Firenze,G_gazetteer,,Saggie fiorentine per imponervi datio et alle cart…
R142_0010,deontic_formula,obligato,L_deontic,,"…come moneta, ma ben come argento, obligato secondo l’uso di molti Principi a…"
R142_0010,deontic_formula,ligati a,L_deontic,,"…o di datio, pur che non restino obligati a quella Corona Cecca, dalla qual i…"
R142_0010,deontic_formula,imiamo i,L_deontic,,…terlo fare; la dove concludendo stimiamo importantissimo interesse della nav…
R142_0010,fiscal_term,datij,L_fiscal,,"…ar, et altre tanto di ritorno, li datij dell’Intrada et uscida, la tansa …"
R142_0010,fiscal_term,tansa,L_fiscal,,"… datij dell’Intrada et uscida, la tansa che si paga novamente reduta à 6 …"
R142_0010,fiscal_term,datij,L_fiscal,,"…cento et altre spese ordinarie et datij, che si pagano in levante, chi vu…"
R142_0010,fiscal_term,gravezza,L_fiscal,,"…ducati 40, in 45 per cento, che è gravezza insoportabile, la qual aggionta a…"
R142_0010,fiscal_term,datij,L_fiscal,,… robbe et si conduce per pagar di datij per accompagnar li mercanti nelli…
R142_0010,fiscal_term,"tio, ",L_fiscal,,"…ancese ne paga 2 ½ per cento di datio, pur che non restino obligati a que…"
R142_0010,fiscal_term,tij e,L_fiscal,,…atione per interesse delli suoi datij et per commodo delli mercanti la co…
R142_0010,fiscal_term,"tij, ",L_fiscal,,"…lle dette nostre arti, et delli datij, et delli med mi mercanti al presen…"
R142_0010,monetary_expression,20 per cento,L_monetary,,"…si fanno per manco de 8 . 9 . fin 20 per cento dell’andar, et altre tanto di rit…"
R142_0010,monetary_expression,6 per cento,L_monetary,,…sa che si paga novamente reduta à 6 per cento et altre spese ordinarie et datij…
R142_0010,monetary_expression,ducati,L_monetary,,"…o tutti essi interessi à rason de ducati 40, in 45 per cento, che è gravez…"
R142_0010,monetary_expression,ducati 40,L_monetary,,"…o tutti essi interessi à rason de ducati 40, in 45 per cento, che è gravezza …"
R142_0010,monetary_expression,45 per cento,L_monetary,,"…nteressi à rason de ducati 40, in 45 per cento, che è gravezza insoportabile, la…"
R142_0010,monetary_expression,per cento d,L_monetary,,"…to la nation francese ne paga 2 ½ per cento di datio, pur che non restino oblig…"
R142_0010,institutional_term,Zecca,L_institution,,"…alere col mezo del banco et della Zecca, ma perche la moneta della S.ta V…"
R142_0010,institutional_term,Zecca,L_institution,,"…ondo l’uso di molti Principi alla Zecca, et pero questa obligatione oltre…"
R142_0010,institutional_term,cca a,L_institution,,…tassero di contribuire alla sua Zecca alcuna parte della quantità delli r…
R142_0010,decision_orientation,recommend,M_orientation_from_closing,low,"…aver rispetto al loro bisogno, et non vedeno il modo come si potrebbe trattar questo negotio in un n° di 300, et più mercanti che c…"
R142_0010,policy_domain,currency_monetary,M_domain_cues,low,cue: monet
R142_0010,document_trigger,supplica,M_trigger_incipit,medium,"Hanno supplicato li mercanti suoi, che negotiano…"
R142_0010,place,Venezia,G_gazetteer,,"…si stranieri, poiche dalla moneda venetiana non possono ricever l’istesso b…"
R142_0010,place,Costantinopoli,G_gazetteer,,"… esso reale per ordine publico da Costantinopoli ha hauuto il corso, che (?) per q…"
R142_0010,place,Alessandria,G_gazetteer,,…o per li viaggi di Cipro Soria et Alessandria che dalla S.ta V. li sia concessa…
R142_0010,place,Cipro,G_gazetteer,,"…i, che negotiano per li viaggi di Cipro Soria et Alessandria che dalla S.…"
R142_0010,place,Aleppo (Soria),G_gazetteer,,… negotiano per li viaggi di Cipro Soria et Alessandria che dalla S.ta V. …
R142_0010,place,Levante,G_gazetteer,,"…inarie et datij, che si pagano in levante, chi vuol far ben il conto di tut…"
R142_0011,deontic_formula,stimiamo,L_deontic,,"…verebbe (?), esseguite. Ma perché stimiamo che questa provisione del tutto n…"
R142_0011,deontic_formula,possa,L_deontic,,…uesta provisione del tutto non si possa cosi facilmente mandar ad essecut…
R142_0011,deontic_formula,non possi,L_deontic,,"…, stimando noi principalmente che non possi esser, ne bastevole, ne sufficien…"
R142_0011,institutional_term,zecca,L_institution,,"…resceranno maggiormente nella sua zecca per la condotta loro, come si spe…"
R142_0011,institutional_term,Zecca,L_institution,,"…atto, di stampar monete nella sua Zecca per qualche tempo con li oblighi …"
R142_0011,institutional_term,Zecca,L_institution,,… con li oblighi pero dell’istessa Zecca dovendosi anco proveder in ogni m…
R142_0011,institutional_term,Proveditori,L_institution,,"…me, che vengono eletti li signori Proveditori sopra le pompe potendo formar pro…"
R142_0011,decision_orientation,prohibit,M_orientation_from_closing,low,"…il tutto esser stato sovvertito contra la mente publica. Le dicemo adunque, che reputaressimo, se si potesse, esser ottima pro…"
R142_0011,policy_domain,currency_monetary,M_domain_cues,low,cue: monet
R142_0012,deontic_formula,possa,L_deontic,,"…nza la quale reputamo, che non si possa far cosa alcuna di bene, nostra o…"
R142_0012,deontic_formula,non possino,L_deontic,,"…re, et Venetiane stronzate, quali non possino esser spese da alcuno, cosi in qu…"
R142_0012,deontic_formula,possino,L_deontic,,"…et Venetiane stronzate, quali non possino esser spese da alcuno, cosi in qu…"
R142_0012,deontic_formula,debba,L_deontic,,"… giudicato, che fra poveri non li debba andar quella cosi grossa summa di…"
R142_0012,deontic_formula,possa,L_deontic,,"…onete buone l’oro da se stesso si possa regulare, et redursi a quel segno…"
R142_0012,deontic_formula,debba,L_deontic,,"…emo quanto a noi, che all’hora si debba far poi la sua regolatione in que…"
R142_0012,deontic_formula,stimiamo,L_deontic,,"…orestiere, come Venetiane scarse, stimiamo, che non concorreranno in così br…"
R142_0012,deontic_formula,n possino p,L_deontic,,…tio publico. Che per l’avvenire non possino piu esser fatti depositi da alcuno …
R142_0012,deontic_formula,ssino p,L_deontic,,…publico. Che per l’avvenire non possino piu esser fatti depositi da alcuno …
R142_0012,deontic_formula,ssino c,L_deontic,,"…la maggior parte delle ballotte possino condannar d’ogni summa, et il simil…"
R142_0012,deontic_formula,bbano e,L_deontic,,"…mente li tre superiori di balle debbano esser eletti per un anno, et li doi…"
R142_0012,deontic_formula,ssino e,L_deontic,,…cio restino quelli informati Et possino esser tolti et eletti de cadaun off…
R142_0012,deontic_formula,ssino e,L_deontic,,"… nelli quali carichi sol.ti (?) possino esser tolti, et non in altro loco. …"
R142_0012,deontic_formula,bbano a,L_deontic,,"…er tolti, et non in altro loco. Debbano anco ridursi ogni matina a Rialto d…"
R142_0012,fiscal_term,datij,L_fiscal,,"…eve grandissima mutatione, i suoi datij et il negotio restano in molta co…"
R142_0012,monetary_expression,lire 12,L_monetary,,"… moneda Venetiana stronzata altre lire 12, con quella regula, che parerà al…"
R142_0012,monetary_expression,7 per cento,L_monetary,,… ne’ quali si guadagna a rason di 7 per cento. Che sia stampata moneta di argen…
R142_0012,monetary_expression,cati t,L_monetary,,…e pecuniarie fino alla summa de ducati tresento. Et dalla p.a summa di duc…
R142_0012,monetary_expression,cati t,L_monetary,,…tresento. Et dalla p.a summa di ducati tresento in su siano aggionti ad es…
R142_0012,institutional_term,Proveditori,L_institution,,"…o commesso, che redutti i signori Proveditori, et depositarij in Ceca, Revisori…"
R142_0012,institutional_term,Proveditori,L_institution,,"…Regolatori delle Intrade publiche Proveditori sopra gli ori, et noi sopra la Me…"
R142_0012,institutional_term,Senato,L_institution,,…oter esser deliberato nell’Ecc.mo Senato quanto sarà stimato poi più conve…
R142_0012,institutional_term,"cca, ",L_institution,,"…anco con quell’avantaggio della Zecca, se cosi parera alla S.ta V. Et che…"
R142_0012,institutional_term,oveditori s,L_institution,,"…ne de doi aggionto alli signori Proveditori sopra li ori, et monede, li quali h…"
R142_0012,institutional_term,oveditori a,L_institution,,"…o ritto, et forma delli signori Proveditori alle Pombe intorno alle confiscatio…"
R142_0012,institutional_term,oveditori i,L_institution,,"…o magistrato altri doi, o delli Proveditori in Cecca, o delli Revisori, et Rego…"
R142_0012,institutional_term,oveditori e,L_institution,,…le. Che nella elettione di essi Proveditori et doi aggionti per questa volta so…
R142_0012,institutional_term,"nato, ",L_institution,,"… magistrato solito darsi per il senato, eccettuato quelli del collegio acq…"
R142_0012,institutional_term,llegio a,L_institution,,"…l senato, eccettuato quelli del collegio acque, et biave, nelli quali carich…"
R142_0012,institutional_term,nato a,L_institution,,"…deni già presi, et statuiti dal senato alla presente regolatione non repug…"
R142_0012,decision_orientation,regulate,M_orientation_from_closing,low,"… calculate anco con quell’avantaggio della Zecca, se cosi parera alla S.ta V. Et che questa provisione del riccever oro, et argento n…"
R142_0012,policy_domain,currency_monetary,M_domain_cues,low,cue: monet
R142_0012,place,Venezia,G_gazetteer,,"…’oro, et d’argento forestiere, et Venetiane stronzate che si spendeno licen…"
R142_0013,fiscal_term,datij,L_fiscal,,"…ittà, per servitio delli negotij, datij, arti, et altri beneficij questo …"
R142_0013,fiscal_term,gravezze,L_fiscal,,"…a famiglia con il pagamento delle gravezze, et per anni otto dopo tolta donn…"
R142_0013,fiscal_term,gravezze,L_fiscal,,… con le sue famiglie et pagate le gravezze fosse concessa quella di Extra. Q…
R142_0013,fiscal_term,doana,L_fiscal,,"… pagano li medesimi 6 per cento a doana da mar, come fano li istessi Vene…"
R142_0013,fiscal_term,datio,L_fiscal,,"…te le altre mercantie obligate al datio dell’intrada da terra, nella rego…"
R142_0013,fiscal_term,j com,L_fiscal,,"…portante negotio ha pagato li datij come cittadino, et puo haver apportat…"
R142_0013,fiscal_term,j et ,L_fiscal,,"… che possono riccever li suoi datij et negotio da essa, et il danno non n…"
R142_0013,monetary_expression,6 per cento,L_monetary,,"…l privilegiati pagano li medesimi 6 per cento a doana da mar, come fano li iste…"
R142_0013,monetary_expression,ducati,L_monetary,,"…u dechiarito, che dovessero pagar ducati dieci per cento, et li cittadini …"
R142_0013,monetary_expression, 3 ¼,L_monetary,,"…o, et li cittadini 6 ¾ che sono d. 3 ¼ per cento de piu di quello che pa…"
R142_0013,monetary_expression,r cento de ,L_monetary,,…i cittadini 6 ¾ che sono d. 3 ¼ per cento de piu di quello che pagano Venetiani…
R142_0013,monetary_expression," ducati 15,",L_monetary,,"…ne che hebbe principio l’anno 1581 ducati 15, et di aggionto altri ducati 15, l…"
R142_0013,monetary_expression,"ti 15,",L_monetary,,"…e hebbe principio l’anno 1581 ducati 15, et di aggionto altri ducati 15, l…"
R142_0013,monetary_expression,"ti 15, et",L_monetary,,"…e hebbe principio l’anno 1581 ducati 15, et di aggionto altri ducati 15, li q…"
R142_0013,monetary_expression,"ti 15,",L_monetary,,"…cati 15, et di aggionto altri ducati 15, li quali di tempo in tempo sono s…"
R142_0013,monetary_expression,"ti 15, li",L_monetary,,"…cati 15, et di aggionto altri ducati 15, li quali di tempo in tempo sono stat…"
R142_0013,institutional_term,Senato,L_institution,,"…ell’Ill.mo Mazor Cons., et Ecc.mo Senato in diversi modi, et variamente è …"
R142_0013,institutional_term,Senato,L_institution,,…anno 1577 a 7 febraro dall’Ecc.mo Senato. Li forestieri poi per le mercant…
R142_0013,institutional_term,to sot,L_institution,,"…pe di Baviera, et dall’Ecc.mo Senato sotto 23 settembre 1595 fu concesso i…"
R142_0013,decision_orientation,grant,M_orientation_from_closing,low,"…atia in questo caso estraordinario in quel modo, che la stimera di maggior servitio suo et cio con nostro giuramento et à quell…"
R142_0013,policy_domain,citizenship_privilege,M_domain_cues,low,cue: cittadin
R142_0013,document_trigger,report,M_trigger_incipit,medium,Intorno la scrittura presentata alla S.tà V.ra a nome …
R142_0013,person,Pietro,P_nome_di,,…ttura presentata alla S.tà V.ra a nome de Pietro et Ferdinando Helmani fratelli fu…
R142_0013,person,Guglielmo,P_quondam,,…mo anco veduto come il sopradetto q. Guglielmo fratello di esso q. D. Carlo fu t…
R142_0013,place,Venezia,G_gazetteer,,…et per anni otto dopo tolta donna venetiana fosse concessa la cittadinanza …
R142_0013,place,Padova,G_gazetteer,,"…, in questa citta suddita sua Padoana, li quali dalli ss.ri Arciduchi d’A…"
R142_0013,place,Levante,G_gazetteer,,"… essa navigatione, et negotio per Levante, li qual privilegiati pagano li m…"
R142_0013,place,Ponente,G_gazetteer,,"…le mercantie che sono condotte di Ponente per via da mar, et da terra, et p…"
R142_0014,policy_domain,consular_affairs,M_domain_cues,low,cue: console
R142_0014,place,Rodi,G_gazetteer,,Console di Rodi
R142_0015,policy_domain,institutional_procedure,M_domain_cues,low,cue: elezion
R142_0015,place,Padova,G_gazetteer,,Il capitano di Padova chiede la conferma della elezione…
R142_0016,deontic_formula,stimiamo,L_deontic,,"…imonio et persona molto honorata, stimiamo pero, che potra la S.ta V. se cos…"
R142_0016,decision_orientation,regulate,M_orientation_from_closing,low,"… SS.VV. Ecc.me sotto 12 settembre passato riverentemente le dicemo, che per le leggi è disposto, che nelle elettioni di consol…"
R142_0016,policy_domain,citizenship_privilege,M_domain_cues,low,cue: cittadin
R142_0016,document_trigger,letters,M_trigger_incipit,medium,Dalle lettere scritte a sua S.ta di Palermo di …
R142_0016,place,Saragozza,G_gazetteer,,Consule veneto in Saragoza
R142_0017,deontic_formula,debbano,L_deontic,,"…za di alcuna sorte, ma che quelli debbano vender si non a contadi o a barat…"
R142_0017,deontic_formula,non possino,L_deontic,,"…ira a prohibire, che sudditi suoi non possino contrattar in altra maniera che a…"
R142_0017,deontic_formula,possino,L_deontic,,"…a prohibire, che sudditi suoi non possino contrattar in altra maniera che a…"
R142_0017,institutional_term,Senato,L_institution,,…do alle deliberationi dell’Ecc.mo Senato in tal proposito sia maggiormente…
R142_0017,decision_orientation,inform,M_orientation_from_closing,low,"…del tutto avisata la S.ta V. com’è debito nostro, et cio le dicemo con nostro giuramento rimettendosi etc aggiongendoli di piu…"
R142_0017,policy_domain,trade_regulation,M_domain_cues,low,cue: mercant
R142_0017,document_trigger,commission,M_trigger_incipit,medium,"…e passato, sopra le quali è stato commesso a noi sopra la mercantia dalle s…"
R142_0017,place,Costantinopoli,G_gazetteer,,… mano di hebrei per il viaggio di Costantinopoli si come dal signor Bailo viene in…
R142_0018,deontic_formula,non possino,L_deontic,,…avi forestiere per Levante et che non possino caricar sopra altri vascelli che …
R142_0018,deontic_formula,possino,L_deontic,,…forestiere per Levante et che non possino caricar sopra altri vascelli che …
R142_0018,deontic_formula,debbano,L_deontic,,"…igliano le ss. Vv. Ecc.me che non debbano in modo alcuno permettere, che no…"
R142_0018,fiscal_term,datij,L_fiscal,,"…vazione delle navi, et delli suoi datij fondamenti tutti difesi, et prott…"
R142_0018,fiscal_term,datij,L_fiscal,,…uscir cio con servitio delli suoi datij. Noi sopra di cio siamo andati di…
R142_0018,fiscal_term,datij,L_fiscal,,"…io delle maestranze et delli suoi datij, havendo noi veduto per la scritt…"
R142_0018,decision_orientation,inform,M_orientation_from_closing,low,"…havendo noi fatti quelli discorsi, che si deveno brevemente dicemo alle ss.rie VV. Ecc.me che a tempi piu vecchi quando fioriv…"
R142_0018,policy_domain,shipping_navigation,M_domain_cues,low,cue: nave
R142_0018,place,Venezia,G_gazetteer,,…ricar sopra altri vascelli che de Venetiani l’altra \*\*delli ss.ri mercant…
R142_0018,place,Zante,G_gazetteer,,"…endo forestieri nelli negotij del Zante, et Zeffalonia, et in Candia et p…"
R142_0018,place,Candia,G_gazetteer,,"…j del Zante, et Zeffalonia, et in Candia et poi in tutte le scalle del Lev…"
R142_0018,place,Levante,G_gazetteer,,…non siano nolizate in caricar per Levante ss.ri Parc.li della Citta. Sono s…
R142_0019,fiscal_term,datio,L_fiscal,,"…andissio che ricceve sua S.ta nel datio dell’Insida da quelli, che con un…"
R142_0019,fiscal_term,datio,L_fiscal,,…o pregiudiciali alle cose di quel datio tutti con secrete intelligentie d…
R142_0019,decision_orientation,regulate,M_orientation_from_closing,low,"…dell’ordine suo datoci a 30 Novembre passato, brevemente le dicemo come da piu bande habbiamo per informationi, che vengono fa…"
R142_0019,policy_domain,trade_regulation,M_domain_cues,low,cue: mercant
R142_0019,document_trigger,report,M_trigger_incipit,medium,"…ne del fedel Nicolo Zucato, et la scrittura presentata alle SS.rie VV. Ecc.me…"
R142_0019,person,Nicolò Zucato,P_subject_head,,"Nicolò Zucato insida per le bollette, che fanno piu d’un via"
R142_0020,deontic_formula,bba e,L_deontic,,"…lla navigatione, et del negotio debba esser et consultata, et espedita: r…"
R142_0020,deontic_formula,ssino a,L_deontic,,"…di esse lane: perche i mercanti possino a tempo debito dar i suoi ordeni, s…"
R142_0020,institutional_term,savij,L_institution,,…urchi habitationi. Ricordi de noi savij alla mercantia intorno le infrasc…
R142_0020,institutional_term,collegio,L_institution,,…aterie da esser lette nell’Ecc.mo collegio et prima / Havendo noi etc raccor…
R142_0020,institutional_term,Senato,L_institution,,"…e contra la forma della parte del Senato, che dispone, che siano tutte con…"
R142_0020,institutional_term,to del,L_institution,,"…no, fu deliberato dall’Ecc.mo Senato del 1588.4. Zugno, et 1589. 28. Marzo…"
R142_0020,decision_orientation,recommend,M_orientation_from_closing,low,"… negotio molto importante per il servitio publico. … Le raccordamo ancora, che per rimediar a gli importanti disordeni, che seguiv…"
R142_0020,policy_domain,trade_regulation,M_domain_cues,low,cue: mercant
R142_0020,document_trigger,report,M_trigger_incipit,medium,…ndo noi etc raccordato con nostra scrittura de 30 Gennaro passato le provisio…
R142_0020,place,Venezia,G_gazetteer,,"…spone, che siano tutte condotte a Venetia et desiderando noi, che sia data …"
R142_0020,place,Zante,G_gazetteer,,"…gono estratte dalle sue Isole del Zante, et Zeffalonia per Ponente contra…"
R142_0020,place,Ferrara,G_gazetteer,,"…, che era già del S.r Duca di Ferrara sij capacissimo, et attissimo per que…"
R142_0020,place,Ponente,G_gazetteer,,"…sole del Zante, et Zeffalonia per Ponente contra la forma della parte del S…"
R142_0021,fiscal_term,datio,L_fiscal,,"…atta per l’officio nostro in quel datio, ricercando di più di esser resar…"
R142_0021,fiscal_term,datio,L_fiscal,,"…a fu regolato, et confirmato quel datio con destinta et separata tariffa,…"
R142_0021,fiscal_term,datio,L_fiscal,,"…reche non sono tenute riscuotendo datio, et regalie, come a loro piace co…"
R142_0021,fiscal_term,datio,L_fiscal,,"…ne può ricever molto dano in quel datio, rispetto, che essi mercanti come…"
R142_0021,decision_orientation,confirm,M_orientation_from_closing,low,"…do referire alla S.V. la nostra opinione, riverentemente le dicemo come per l’officio nostro con l’auttorità publica fu regola…"
R142_0021,policy_domain,trade_regulation,M_domain_cues,low,cue: mercant
R142_0021,place,Venezia,G_gazetteer,,"…in Lombardia, et da Lombardia per Venetia, nella quale esplicando diversi m…"
R142_0021,place,Rovigo,G_gazetteer,,"…no, che sia delegato al Rettor di Rovigo, o all’officio nostro tutte le ti…"
R142_0021,place,Verona,G_gazetteer,,"…i che negotiano per il viaggio di Verona in Lombardia, et da Lombardia per…"
R142_0022,deontic_formula,siamo di parere,L_deontic,,…to quanto si dee in tal proposito siamo di parere per inanimar detto supp.te a cont…
R142_0022,deontic_formula,di parere,L_deontic,,…nto si dee in tal proposito siamo di parere per inanimar detto supp.te a cont…
R142_0022,deontic_formula,possa,L_deontic,,"…i altro in detto carico, che ella possa concedere ad esso supplicante que…"
R142_0022,deontic_formula,debba,L_deontic,,"…ne però, che questo accrescimento debba cominciarli a correr a nova confe…"
R142_0022,fiscal_term,datio,L_fiscal,,"… Zignoni Governator principal nel datio dell’Insida, per le quali ricerca…"
R142_0022,fiscal_term,datio,L_fiscal,,"… fu Governator similmente di quel datio, dopo la morte del quale fu fatta…"
R142_0022,fiscal_term,datij,L_fiscal,,…ona sua da quell’Ecc.mo Coll.o di datij sotto ij .Xmb. 1602 con sal o de …
R142_0022,fiscal_term,datio,L_fiscal,,"…fatte da lui nel servitio di esso datio, oltra il salario che haveva de d…"
R142_0022,monetary_expression,ducati,L_monetary,,… sotto ij .Xmb. 1602 con sal o de ducati 400 all’anno con haver anco porti…
R142_0022,monetary_expression,ducati 400,L_monetary,,… sotto ij .Xmb. 1602 con sal o de ducati 400 all’anno con haver anco portione …
R142_0022,monetary_expression,ducati,L_monetary,,"…o, oltra il salario che haveva de ducati 300 con la portione delli contrab…"
R142_0022,monetary_expression,ducati 300,L_monetary,,"…o, oltra il salario che haveva de ducati 300 con la portione delli contrabandi…"
R142_0022,monetary_expression,d. 500,L_monetary,,"…li apportava di beneficio intorno d. 500 all’anno, il qual beneficio per g…"
R142_0022,decision_orientation,inform,M_orientation_from_closing,low,"…enda concesso non al carico: ma alla persona sua, et ciò le dicemo con nostro giuramento rimetendosi etc"
R142_0022,policy_domain,trade_regulation,M_domain_cues,low,cue: mercant
R142_0022,document_trigger,supplica,M_trigger_incipit,medium,"…sua per le cause, et come in essa supplicatione riverent"
R142_0022,person,Zuanne,P_quondam,,"… detto supplicante fu arlievo del q. Zuanne di Alessi, che fu Governator simi…"
R142_0022,person,Insida Roco,P_subject_head,,Insida Roco Zignoni Gov.r accred.o
R142_0023,policy_domain,citizenship_privilege,M_domain_cues,low,cue: cittadin
R142_0024,deontic_formula,debba,L_deontic,,"…mmetter all’Ill.mo s.r Bailo, che debba consegnar alli suoi agenti il gro…"
R142_0024,deontic_formula,stimiamo,L_deontic,,"… qual negotio alla auttorità sua; stimiamo però, che sia bene per nostra opi…"
R142_0024,deontic_formula,debba,L_deontic,,"…ene per nostra opinione, che ella debba scriver, et commetter al detto Il…"
R142_0024,deontic_formula,debba,L_deontic,,"…er al detto Ill.mo s.r Bailo, che debba inviar di qua esso groppo de cech…"
R142_0024,deontic_formula,possa,L_deontic,,"…on il processo formato: perche si possa deliberare qul, che sarà stimato …"
R142_0024,institutional_term,Senato,L_institution,,"…mo, come per la legge dell’Ecc.mo Senato de 19 April 1524 che sarà qui occ…"
R142_0024,decision_orientation,inform,M_orientation_from_closing,low,"…parimente le sue lettere non li siano intercette, et ciò le dicemo con nostro giuramento rimettendosi"
R142_0024,policy_domain,currency_monetary,M_domain_cues,low,cue: cechin
R142_0024,person,Lucillo Fossato,P_subject_head,,Lucillo Fossato Costantinopoli per un groppo de cechini
R142_0024,place,Venezia,G_gazetteer,,"…aricati per consegnar a lui qua a Venetia, et ciò senza spesa alcuna, et ch…"
R142_0024,place,Costantinopoli,G_gazetteer,,Lucillo Fossato Costantinopoli per un groppo de cechini
R142_0024,place,Segna,G_gazetteer,,"…ll’Ill.mo s.r Bailo, che debba consegnar alli suoi agenti il groppo de Ce…"
R142_0024,place,Levante,G_gazetteer,,"…, ne quelle mandar alli viaggi di Levante sotto gravissime pene, et come in…"
R142_0025,deontic_formula,"iamo, ch",L_deontic,,"…iderato da noi quanto si dee, stimiamo, che la Ser.tà V. possa conceder a de…"
R142_0025,deontic_formula,a con,L_deontic,,"…e, stimiamo, che la Ser.tà V. possa conceder a detti supplicanti la grati…"
R142_0025,fiscal_term,avezze… ,L_fiscal,,…processo appar. Quanto poi alle gravezze… per le cose sopradette essendo anc…
R142_0025,fiscal_term,"j, et",L_fiscal,,"…otio apportano beneficio alli datij, et alla poverta di questa Città nell…"
R142_0025,fiscal_term,ezze sud,L_fiscal,,"… ancor lui il pagamento delle gravezze sudette, et l’approbation della frter…"
R142_0025,fiscal_term,j del,L_fiscal,,…ttà apporta diminutione nelli datij dell’intrada solamente da terra per l…
R142_0025,fiscal_term,delle,L_fiscal,,"…erò è d’avvertire, come nel datio delle 6 per cento non vi è alcuna diffe…"
R142_0025,fiscal_term,delle,L_fiscal,,"…ione, et con servitio delli datij delle sei per cento et Insida, per la r…"
R142_0025,fiscal_term, sico,L_fiscal,,"…ne a pregiudicio delli suoi datij, sicome, si è veduto. Ne che ho usato q…"
R142_0025,fiscal_term,"ze, et n",L_fiscal,,"…simamente habbino pagate le gravezze, et non s’havessero a servir del nome d…"
R142_0025,fiscal_term,ze per g,L_fiscal,,…anto poi al pagamento delle gravezze per gli anni 25 non non si vede che ne …
R142_0025,fiscal_term,l’ann,L_fiscal,,"…tialità propria fu posto in tansa l’anno 1566 d. tre, et per aggiunto d. …"
R142_0025,monetary_expression,cento a X p,L_monetary,,…erenza nelli pagamenti de 6 ¼ per cento a X per cento da cittadini a forestieri…
R142_0025,monetary_expression,cento non v,L_monetary,,"…rtire, come nel datio delle 6 per cento non vi è alcuna differenza ne i pagamen…"
R142_0025,institutional_term,alla ,L_institution,,"…Prov.ri di Commun, e Cinque savij alla m.tia in tempo, che in detto offic…"
R142_0025,decision_orientation,grant,M_orientation_from_closing,low,"… in questa materia dispone, che a quelli, che s’ha da conceder tal beneficio habbino prima habitata questa città per anni 25 con…"
R142_0025,policy_domain,trade_regulation,M_domain_cues,low,cue: mercant
R142_0025,person,Piero,P_quondam,,"…et Zuanne Fedrici Bergamaschi del q.m Piero, per la qual ricercavano il privi…"
R142_0025,person,Zuanne,P_quondam,,"…o si vorriano servir del nome del q. m. Zuanne loro barba, qual in spetialità pr…"
R142_0025,place,Levante,G_gazetteer,,"…libertà di negotiare per il Levante, come procurano questi, et poi quando s…"
R142_0027,deontic_formula,debbano,L_deontic,,…ssato esso termine non giurasseno debbano esser astretti alli pagamenti con…
R142_0027,decision_orientation,inform,M_orientation_from_closing,low,"…tretti alli pagamenti con la pena iuxta le leggi, et cio le dicemo con nostro giuramento rimettendosi etc"
R142_0027,policy_domain,trade_regulation,M_domain_cues,low,cue: mercant
R142_0027,person,Mercanti Alemani,P_subject_head,,Mercanti Alemani per il giuramento X officij
R142_0028,person,Battista Nanti,P_subject_head,,Battista Nanti q
R142_0029,deontic_formula,non possi,L_deontic,,"…he lui, o chi havera causa da lui non possi fabricar di questa pannina con li…"
R142_0029,fiscal_term,datij,L_fiscal,,"…abiti, come si vede, onde anco li datij suoi vengono non manco a patire r…"
R142_0029,fiscal_term,datij,L_fiscal,,"…io alla città, alli operari, alli datij et altri beneficij. Noi però have…"
R142_0029,institutional_term,Proveditori,L_institution,,"…va, havendo con licentia de ss.ri Proveditori di Commun posto un tellaro a uso …"
R142_0029,institutional_term,Proveditori,L_institution,,"…, et altro, che parera alli ss.ri Proveditori di Commun uniti co’l officio nost…"
R142_0029,decision_orientation,inform,M_orientation_from_closing,low,…me meglio sara di satisfattione della S.ta Vostra et cio le dicemo con nostro giuramento rimettendosi. [scrittura al riguardo …
R142_0029,policy_domain,manufactures,M_domain_cues,low,cue: arte
R142_0029,document_trigger,supplica,M_trigger_incipit,medium,La supplicatione di m. Antonio Gallo Bergamas…
R142_0029,place,Venezia,G_gazetteer,,saggie fiorentine per fabricar a Venetia
R142_0029,place,Bergamo,G_gazetteer,,"…ndo la esperienza per lui fatta a Bergamo nella fabrica di rasse, o saglie,…"
R142_0029,place,Firenze,G_gazetteer,,"…rica di rasse, o saglie, a uso di Fiorenza, come dice, riuscitagli, et essen…"
R142_0030,deontic_formula,ino ess,L_deontic,,"…lla fiera passata, ma non gia possino esser astretti da loro creditori per …"
R142_0030,deontic_formula,ano int,L_deontic,,"…nel far il conto delli cambij debbano intervenire di tutte le nationi, che …"
R142_0030,deontic_formula,ano red,L_deontic,,…otti per li doi terzi al meno debbano redursi quattro volte all’anno iuxta …
R142_0030,deontic_formula,ano per,L_deontic,,"…havute le debite informationi debbano per li doi terzi statuir, et limitar …"
R142_0030,deontic_formula,ano que,L_deontic,,"…, et prima, che sia publicato debbano quello dar in nota a detto officio, a…"
R142_0030,monetary_expression,ducati,L_monetary,,… schivar la pena di quattro mille ducati statuita loro quando differissero…
R142_0030,monetary_expression,d. 143,L_monetary,,… publicorono il conto de cambij a d. 143 ¾ che è un dechiarire che la part…
R142_0030,monetary_expression,re 10 c,L_monetary,,"… eccessivo, et il cechino non a lire 10 come si è decretato ma al suo corso…"
R142_0030,monetary_expression,re 11 s,L_monetary,,…i è decretato ma al suo corso a lire 11 s. 12. Il conto di cambij non è alt…
R142_0030,monetary_expression,cato v,L_monetary,,"…non è altro che un agiustare il ducato venetiano con il scudo di marca, e …"
R142_0030,monetary_expression,cato c,L_monetary,,"…simo, cosi essendo variabile il ducato conforme alla qualità delle valute …"
R142_0030,monetary_expression,cati e,L_monetary,,"… il conto, et dechiarire quanti ducati entrano a far cento scudi in Bisenz…"
R142_0030,monetary_expression,cati 1,L_monetary,,"… delli cento scudi non è più di ducati 134 ¾ [/] chiara cosa è, che per qu…"
R142_0030,monetary_expression,cati 134 ¾,L_monetary,,"… delli cento scudi non è più di ducati 134 ¾ [/] chiara cosa è, che per questa…"
R142_0030,institutional_term,Savij,L_institution,,"…mo agosto passato, che noi Cinque Savij sopra la mercantia facessimo inte…"
R142_0030,institutional_term,senato,L_institution,,"…rito fin a tanto, che dall’ecc.mo senato restasse deciso, e terminato sopr…"
R142_0030,institutional_term,Senato,L_institution,,"…reve si doveva uscire dall’Ecc.mo Senato, quali si offersero obedire, e ri…"
R142_0030,institutional_term,senato,L_institution,,"…eratione la intention publica del senato, che detta regolatione dovessi ha…"
R142_0030,institutional_term,j dom,L_institution,,…petti adunque li Ecc.mi ss.ri Savij domenica passata ci fecero chiamar a …
R142_0030,decision_orientation,recommend,M_orientation_from_closing,low,…che per opinion nostra si doverebbe fare riverentemente dicemo che Che il conto fatto ultimamente per la fiera di Bisenzon sia…
R142_0030,policy_domain,currency_monetary,M_domain_cues,low,cue: monet
R142_0030,place,Venezia,G_gazetteer,,"…ltro che un agiustare il ducato venetiano con il scudo di marca, e come il …"
R142_0030,place,Milano,G_gazetteer,,… fiorentini / Un Luchese / un Milanese / Un Bergamasco / Un Todesco et / …
R142_0030,place,Firenze,G_gazetteer,,"…Consoli delle nationi Genovese, e Fiorentina, che differissero detto conto, d…"
R142_0031,deontic_formula,non possi,L_deontic,,"…io, che par che una senza l’altro non possi stare, dipendendo reciprocamente …"
R142_0031,deontic_formula,possa,L_deontic,,"… quanto è stato discorso, come si possa venir ad alcuna fondata provision…"
R142_0031,deontic_formula,possa,L_deontic,,"…sapiamo vedere cosa alcuna che si possa fare. Solamente le potemo dire, c…"
R142_0031,deontic_formula,possa,L_deontic,,"…rittura detto il che speramo, che possa parturir ottima riuscita in quest…"
R142_0031,fiscal_term,datij,L_fiscal,,"…rvatione, et augumento nelli suoi datij con altre conseguenze, che deriva…"
R142_0031,fiscal_term,datij,L_fiscal,,"…giudicio della mercantia et delli datij, et pero in questo cosi important…"
R142_0031,institutional_term,Senato,L_institution,,"…ssecution della parte dell’Ecc.mo Senato de 12 settembre instante, raccord…"
R142_0031,institutional_term,Senato,L_institution,,…e fatta sopra di essa dall’Ecc.mo Senato. ET questo tanto le habbiamo volu…
R142_0031,policy_domain,trade_regulation,M_domain_cues,low,cue: mercant
R142_0031,place,Cipro,G_gazetteer,,"…tro non possi stare, dipendendo reciprocamente una dall’altra in maniera,…"
R142_0032,deontic_formula,possino,L_deontic,,"…tio et mercantia. Onde quantunque possino apportar qualche commodo, o utile…"
R142_0032,deontic_formula,debba,L_deontic,,"…i operationi detestande, ella non debba in alcuna maniera permetter, che …"
R142_0032,deontic_formula,possino,L_deontic,,"…atura, provedendo anco che non si possino rimetter cambij se non per il sem…"
R142_0032,deontic_formula,possano,L_deontic,,"… semplice capitale, et che non si possano in qualsivoglia modo accrescer li…"
R142_0032,deontic_formula,stimiamo,L_deontic,,"…anta pena. Questa prohibition noi stimiamo che sia bene ordinar, che debba p…"
R142_0032,deontic_formula,debba,L_deontic,,"…timiamo che sia bene ordinar, che debba principiare la sua essecutione pa…"
R142_0032,deontic_formula,stimiamo,L_deontic,,…essori sotto 13 settembre passato stimiamo dover esser dover esser provision…
R142_0032,deontic_formula,possino,L_deontic,,…che le nationi dechiarite in essa possino tutte esser presenti per terminar…
R142_0032,fiscal_term,datij,L_fiscal,,"…e per servitio della città, delli datij, et del traffico. Ma quando li ca…"
R142_0032,fiscal_term,datij,L_fiscal,,"…bij apportano poco beneficio alli datij publici, non attendendo loro se n…"
R142_0032,fiscal_term,datij,L_fiscal,,"…e appare dalle occluse note delli datij de Intrada, et uscida di questa c…"
R142_0032,fiscal_term,datij,L_fiscal,,"…ioni con utile, et servitio delli datij et intrade publiche, et schiveran…"
R142_0032,institutional_term,Senato,L_institution,,"…e conforme alla parte dell’Ecc.mo Senato de 12 settembre precedente, haven…"
R142_0032,decision_orientation,inform,M_orientation_from_closing,low,"… meglio con salute delli animi loro. Concludendo adonque le dicemo esser nostra opinione, che essendo la S.ta Vostra Principe …"
R142_0032,policy_domain,trade_regulation,M_domain_cues,low,cue: mercant
R142_0032,place,Firenze,G_gazetteer,,"…e hanno fatto le citta di Roma et fiorenza, per ovviar che tanto denaro di s…"
R142_0032,place,Roma,G_gazetteer,,"…rma, come hanno fatto le citta di Roma et fiorenza, per ovviar che tanto…"
R142_0033,policy_domain,manufactures,M_domain_cues,low,cue: arte
R142_0034,fiscal_term,datio,L_fiscal,,…nni patiti nella condotta di esso datio finito ultimo mazo pur passato pe…
R142_0034,fiscal_term,datio,L_fiscal,,"…cate che dovevano favorir il loro datio furono cosi malamente depredate, …"
R142_0034,fiscal_term,datio,L_fiscal,,… dovevano tornar al tempo di loro datio. Aggiongemo ancora che partitono …
R142_0034,fiscal_term,datio,L_fiscal,,…o passato fuori del tempo del suo datio per maggior loro disgratia. La do…
R142_0034,fiscal_term,datio,L_fiscal,,"…et fedeli dovessero continuar nel datio, che poi nel fine della condotta …"
R142_0034,fiscal_term,datio,L_fiscal,,"…vi, che dovevano capitar sotto il datio di essi supplicanti è proceduto, …"
R142_0034,fiscal_term,datio,L_fiscal,,….ta V. ricevuto augumento in quel datio di ducati 19.m dalla affittation …
R142_0034,fiscal_term,datio,L_fiscal,,…sse navi giongessero sotto il suo datio. Onde la S.ta V. per tal causa no…
R142_0034,monetary_expression,ducati,L_monetary,,…cevuto augumento in quel datio di ducati 19.m dalla affittation passata co…
R142_0034,monetary_expression,ducati 19,L_monetary,,…cevuto augumento in quel datio di ducati 19.m dalla affittation passata come …
R142_0034,monetary_expression,ducati 19.,L_monetary,,…cevuto augumento in quel datio di ducati 19.m dalla affittation passata come a…
R142_0034,institutional_term,Governatori delle Intrade,L_institution,,"…noi le risposte fatte dalli ss.ri Governatori delle Intrade et officio nostro, et la commissi…"
R142_0034,institutional_term,Senato,L_institution,,"…trovorono a Ragusi con ordine del Senato, che dovessero andar à Corfù, et …"
R142_0034,institutional_term,Senato,L_institution,,… fin ad altro ordine del medesimo Senato. Si partirono poi di Corfu per il…
R142_0034,institutional_term,senato,L_institution,,"… per essecution di letere di esso senato de 7 Zugno detto, et ancora non s…"
R142_0034,decision_orientation,grant,M_orientation_from_closing,low,"…lla gratia che piacera alla molta pietà, et clemenza sua di conceder loro, havendo havuto anco in consideratione, che dalla tard…"
R142_0034,policy_domain,taxation_customs,M_domain_cues,low,cue: dati
R142_0034,document_trigger,supplica,M_trigger_incipit,medium,Rispondendo noi alla supplicatione delli datiari delle sei per …
R142_0034,place,Venezia,G_gazetteer,,…atta da corsari di tanti vasselli Venetiani che erano destinati per questa …
R142_0034,place,Alessandria,G_gazetteer,,"… soria la Salvetta, et Pigna, per Alessandria Giustiniana, Guidota, et Roata co…"
R142_0034,place,Corfù,G_gazetteer,,"…agusi, di dove partite gionsero a Corfù a mezo marzo in circa, m in quest…"
R142_0034,place,Aleppo (Soria),G_gazetteer,,"…ra essa, ne altre, che furono per soria la Salvetta, et Pigna, per Alessa…"
R142_0035,deontic_formula,possino,L_deontic,,"…he si degni di conceder loro, che possino valersi dell’argento di 61 marca …"
R142_0035,deontic_formula,stimiamo,L_deontic,,"…la nova confusione di prima, pero stimiamo che non sia bene in alcuna manier…"
R142_0035,fiscal_term,datij,L_fiscal,,"…avigationi insolite a danno delli datij di questa città, et specialmente …"
R142_0035,decision_orientation,grant,M_orientation_from_closing,low,"… di prima, pero stimiamo che non sia bene in alcuna maniera conceder loro quanto ricercano et cio con nostro giuramento rimetten…"
R142_0035,policy_domain,currency_monetary,M_domain_cues,low,cue: monet
R142_0035,document_trigger,supplica,M_trigger_incipit,medium,…do la m.ca Nation Alemana con sua supplicatione de di 10 novembre passato ri…
R142_0035,place,Venezia,G_gazetteer,,"…rcantie, che erano solite venir a Venetia, com’è anco verissimo, che quelli…"
R142_0035,place,Cipro,G_gazetteer,,"…do con questa sorte di argenti in Cipro, Soria, et altre parti del Levant…"
R142_0035,place,Aleppo (Soria),G_gazetteer,,"…questa sorte di argenti in Cipro, Soria, et altre parti del Levante ben v…"
R142_0035,place,Levante,G_gazetteer,,"…elle loro piastre per mandarle in Levante con quelle provisioni, et caution…"
R142_0036,deontic_formula,possa,L_deontic,,"…o, la S.ta Vostra li conceda, che possa farne la esperienza perche riusce…"
R142_0036,institutional_term,Senato,L_institution,,…ncesso a Vidal Vidali dall’Ecc.mo Senato sotto 7 febraro prossimo passato …
R142_0036,decision_orientation,deny,M_orientation_from_closing,low,"… 12 feb° prossimo passato, sopra la quale riverentemente le dicemo, che non sapendo noi il modo di questa sua nova inventione …"
R142_0036,policy_domain,manufactures,M_domain_cues,low,cue: arte
R142_0036,place,Venezia,G_gazetteer,,"…all’acqua, costeranno manco delle venetiane ord e non lasceranno il colore,…"
R142_0036,place,Firenze,G_gazetteer,,"…ia, che staranno a paragone delle fiorentine in ogni conto, et le supereranno…"
R142_0037,deontic_formula,debba,L_deontic,,…ncipi alieni come è noto sua S.ta debba ridur la stima a tutte le sede di…
R142_0037,deontic_formula,ssino r,L_deontic,,"…tori solamente per hora, perche possino ritornar alle case loro. Le esponem…"
R142_0037,deontic_formula, potria f,L_deontic,,"…serendo il detto Follo, che ciò si potria fare, questa saria una sovvertione …"
R142_0037,deontic_formula,imiamo d,L_deontic,,… essa arte. Onde reverentemente stimiamo doversi considerare prima che si ve…
R142_0037,deontic_formula,versi c,L_deontic,,…e. Onde reverentemente stimiamo doversi considerare prima che si venghi a c…
R142_0037,deontic_formula, potria l,L_deontic,,…r causa di queste nove gravezze si potria levar delli habitanti poi che il s.…
R142_0037,fiscal_term,dazio,L_fiscal,,"…icordo che propone di modicare il dazio sulle sete, di cui si è parlato a…"
R142_0037,fiscal_term,tij d,L_fiscal,,…bilissimo augumento di tutti li datij delle sede di terra ferma per l’usc…
R142_0037,fiscal_term,tio i,L_fiscal,,"… grosse si paga delle sottil il datio intiero, et delli doppi, et sedazze…"
R142_0037,fiscal_term,"tio, ",L_fiscal,,"…et delli doppi, et sedazze mezo datio, ma in Verona essendo tratte tutte …"
R142_0037,fiscal_term,"tio, ",L_fiscal,,"…ze si paga di tutte il medesimo datio, che vien ad esser utilita al publi…"
R142_0037,fiscal_term,avezza d,L_fiscal,,"…sede. Questa impositione o nova gravezza di accrescimento di stima, dalla qu…"
R142_0037,fiscal_term,"tio, ",L_fiscal,,"…di stima, dalla qual si cava il datio, si ben fosse pagata da forestieri …"
R142_0037,fiscal_term,"tio, ",L_fiscal,,"…limitato dalli capitoli di quel datio, sono tenuti loro di pagar il datio…"
R142_0037,fiscal_term,tio d,L_fiscal,,"…o, sono tenuti loro di pagar il datio della estrattion non ostante che no…"
R142_0037,fiscal_term,avezza f,L_fiscal,,…uando li fosse aggionto maggior gravezza facilmente si partissero per servir…
R142_0037,fiscal_term,avezze a,L_fiscal,,"…non è dubbio ancora, che per le gravezze alle volte si debilitano li negotij…"
R142_0037,fiscal_term,"tij, ",L_fiscal,,"…otij, et si deteriorano anco li datij, come particolarmente successe nell…"
R142_0037,fiscal_term,"avezze, ",L_fiscal,,"…citta la qual per causa di nove gravezze, se ben sua Serenità venne poi alla…"
R142_0037,fiscal_term,avezza p,L_fiscal,,…tto nome di restima è veramente gravezza poiche si deve pagar per essa maggi…
R142_0037,fiscal_term,tio n,L_fiscal,,… si deve pagar per essa maggior datio nella estrattione. Et se bene essa …
R142_0037,fiscal_term,tio d,L_fiscal,,…non è pero che il pagamento del datio di esse sede non sia accresciuto no…
R142_0037,fiscal_term,"tij, ",L_fiscal,,"…edondano poi à servitio di suoi datij, come si vede esser sta osservato i…"
R142_0037,fiscal_term,tij d,L_fiscal,,…time di Intrada uscida et altri datij di quella città. Ne è piacciuto all…
R142_0037,fiscal_term,tio p,L_fiscal,,…i che il datiaro per scuoder il datio per li suoi capitoli puo tenirsi ta…
R142_0037,fiscal_term,tio u,L_fiscal,,… mediocre aggravio. Et oltre il datio universal di tutto esso territorio …
R142_0037,fiscal_term,avezze s,L_fiscal,,"…a, che per causa di queste nove gravezze si potria levar delli habitanti poi…"
R142_0037,monetary_expression,ducati,L_monetary,,"…te fuori del suo stato a rason di ducati 2 ½ per lira di stima, dove hora …"
R142_0037,monetary_expression,ducati 2,L_monetary,,"…te fuori del suo stato a rason di ducati 2 ½ per lira di stima, dove hora pa…"
R142_0037,monetary_expression,cato u,L_monetary,,"…ma, dove hora pagano a rason di ducato uno solamente essendo che sono piu …"
R142_0037,monetary_expression,"cato, ",L_monetary,,"…le impositioni delli grossi per ducato, soldi per lira, doppij datj et alt…"
R142_0037,monetary_expression,cato p,L_monetary,,"…uello, che importa la stima del ducato predetto. Et è anco d’advertire, ch…"
R142_0037,institutional_term,Senato,L_institution,,…ssecution della parte dell’Ecc.mo Senato de 8 mazo 1608 va lui proponendo …
R142_0037,decision_orientation,recommend,M_orientation_from_closing,low,"…empo piu opportuno, quanto ne parerà convenire, et cio le dicemo con nostro giuramento rimettendosi pero in tutto alla molta p…"
R142_0037,policy_domain,taxation_customs,M_domain_cues,low,cue: dati
R142_0037,document_trigger,report,M_trigger_incipit,medium,"…iporta a lato), 120t e 136. Nella scrittura dell’aricordo presentato a VV. Ec…"
R142_0037,place,Venezia,G_gazetteer,,"… che fiorentini, ne luchesi, ne venetiani manco comprino di queste sede per…"
R142_0037,place,Firenze,G_gazetteer,,"… questo negotio, ne si vede che fiorentini, ne luchesi, ne venetiani manco co…"
R142_0037,place,Verona,G_gazetteer,,"…lla di Bressa et ultimamente di Verona, et territorio, non habbiamo pero p…"
R142_0037,place,Levante,G_gazetteer,,"…rsiglia et altre scale, dove di Levante con navi forestiere ve ne capitano …"
R142_0038,deontic_formula,ssano l,L_deontic,,…lari attinenti a questo negotio possano le SS.VV. Ecc.me restar maggiorment…
R142_0038,deontic_formula,imiamo p,L_deontic,,"…anto si deve in questo negotio, stimiamo primieramente che esso datio delle …"
R142_0038,deontic_formula,n possino s,L_deontic,,"…no si il suo privilegio, ma che non possino servire con esso forestieri, si per…"
R142_0038,deontic_formula,ssino s,L_deontic,,"…i il suo privilegio, ma che non possino servire con esso forestieri, si per…"
R142_0038,deontic_formula,imiamo c,L_deontic,,…con buona et conveniente regula stimiamo che si possa augumentar honestament…
R142_0038,deontic_formula,ssa a,L_deontic,,…veniente regula stimiamo che si possa augumentar honestamente quel datio:…
R142_0038,deontic_formula,imiamo c,L_deontic,,"…io del fontego di Thodeschi non stimiamo che derivi dalli panni di seda, se …"
R142_0038,deontic_formula,ssano a,L_deontic,,"…anno, giudicamo che ancora loro possano alterar a noi il prezzo di esse sed…"
R142_0038,deontic_formula,imiamo c,L_deontic,,"…tra riccever, che nel resto non stimiamo che si possa dannificare, et noi ad…"
R142_0038,deontic_formula,ssa d,L_deontic,,"…e nel resto non stimiamo che si possa dannificare, et noi adoperiamo sede…"
R142_0038,fiscal_term,"avezza, ",L_fiscal,,"…iuscir in accrescimento di nova gravezza, si come habbiamo già considerato n…"
R142_0038,fiscal_term,tij d,L_fiscal,,"…osi è anco cosa chira, che essi datij delle sede sono stati di tempo in t…"
R142_0038,fiscal_term,tio d,L_fiscal,,…er lira del 1564 raddoppiato il datio da 7 a 14 per c° del 1575 il grosso…
R142_0038,fiscal_term,tij c,L_fiscal,,…non sono stati accresciuti essi datij con alteration di stima sono stati …
R142_0038,fiscal_term,tio d,L_fiscal,,…resentati. Nella estrattion del datio delle sede da Vicenza per terre ali…
R142_0038,fiscal_term,tio a,L_fiscal,,… vien affermato dannificar quel datio a malef° publico servendosi il fore…
R142_0038,fiscal_term,tio d,L_fiscal,,…stimiamo primieramente che esso datio delle sede per terre aliene habbia …
R142_0038,fiscal_term,tio: ,L_fiscal,,…sa augumentar honestamente quel datio: rimettendosi nel resto in tutto a …
R142_0038,fiscal_term,tio d,L_fiscal,,…ista Follo). Che la perdita del datio del fontego di Thodeschi non stimia…
R142_0038,fiscal_term,tio d,L_fiscal,,"…irca di piu di quello si fa, il datio de quali non arriva ni anco a d. 50…"
R142_0038,fiscal_term,tio d,L_fiscal,,"…n circa si come si puo veder al datio dell’Intrada, quale si adoperano in…"
R142_0038,fiscal_term,avezza d,L_fiscal,,"… pannina, quali pagando maggior gravezza di quello fanno, giudicamo che anco…"
R142_0038,monetary_expression,ldi 3 p,L_monetary,,…o solti 10 per lira del 1564 li soldi 3 per lira del 1561 altri tre soldi p…
R142_0038,monetary_expression,cato e,L_monetary,,…4 per c° del 1575 il grosso per ducato et del 1596 il soldo per lira si fa…
R142_0038,monetary_expression, per cento s,L_monetary,,"… fatto vedere, et il forestiero 14 per cento si puo fcilmente come vien affermat…"
R142_0038,monetary_expression," 500, ",L_monetary,,"…o de quali non arriva ni anco a d. 500, ma che ciò causi dalla navigatione…"
R142_0038,institutional_term,oveditori a,L_institution,,"…voluto haver informatione dalli Proveditori alla seda di questa città, da essi,…"
R142_0038,institutional_term,nato i,L_institution,,…cc.ze Ill.me di deliberare co’l senato in tal proposito et ciò con nostro …
R142_0038,decision_orientation,recommend,M_orientation_from_closing,low,"…porre, et alligare il medesimo supplicante riverentemente dicemo a VV. Ecc.ze Ill.me che havendo noi intorno questo negotio vo…"
R142_0038,policy_domain,trade_regulation,M_domain_cues,low,cue: mercant
R142_0038,place,Venezia,G_gazetteer,,"…he non farebbono se venissero a Venetia, si come facevano di prima avanti f…"
R142_0038,place,Padova,G_gazetteer,,"…nel suo territorio, et parte in Padoana et Trivisana, o altri lochi, dell…"
R142_0038,place,Verona,G_gazetteer,,"…a alli interessi della citta di Verona, et territorio havendo noi prima ud…"
R142_0038,place,Napoli,G_gazetteer,,… et d’altri luoghi del Regno di Napoli con che riverentemente se le inchin…
R142_0038,place,Roma,G_gazetteer,,"…altra maniera delle sede, nella Romagna, Abruzzo, Messina Calauria, et d…"
R142_0038,place,Levante,G_gazetteer,,"…ssina Calauria, et di quelle di Levante con la commodità delle nove navigat…"
R142_0039,deontic_formula,sia tenuto,L_deontic,,"…la quale si contenteranno, che ui sia tenuto in essa Cecca, a ragion di 20 per…"
R142_0039,deontic_formula,stimiamo,L_deontic,,"…inferiori una all’altra. Onde noi stimiamo, che la introdutione di essi tola…"
R142_0039,monetary_expression,20 per cento,L_monetary,,"…tenuto in essa Cecca, a ragion di 20 per cento, et come in quella. Et sopra ques…"
R142_0039,institutional_term,Zecca,L_institution,,…ligarsi poi di portar nella detta Zecca con maggior commodità altra summa…
R142_0039,institutional_term,Zecca,L_institution,,"…re lasciassero l’altra mita nella Zecca, come dispone la parte del Senato…"
R142_0039,institutional_term,Senato,L_institution,,"… Zecca, come dispone la parte del Senato de 15 settembre 1598, et quando n…"
R142_0039,institutional_term,Zecca,L_institution,,… Vinti per cento di reali in essa Zecca a tempo di maggior commodita loro…
R142_0039,decision_orientation,deny,M_orientation_from_closing,low,"…po di maggior commodita loro, non è offerta ragioneuole, ma in tutto contraria alla sop.ta legge. Onde si procura con questo mezo de \*\*\…"
R142_0039,policy_domain,currency_monetary,M_domain_cues,low,cue: monet
R142_0039,document_trigger,commission,M_trigger_incipit,medium,. Fu di ordine dell’Ecc.mo Coll° commesso a noi sopra la m.tia sotto 13 Zu…
R142_0039,place,Venezia,G_gazetteer,,"…, tenimo per fermo, che la moneda Venetiana saria portata fuori del stado, …"
R142_0039,place,Dalmazia,G_gazetteer,,"…ne fossero condotti in armada, in Dalmatia, et nelle Isole del Leuante, doue…"
R142_0039,place,Levante,G_gazetteer,,"…trattione di tolari, et reali per Leuante, et sotto 29 luglio subsequente n…"
R142_0039,place,Ponente,G_gazetteer,,"…ducono li Gottoni et spiciarie in Ponente, nelli qual luoghi per la maggior…"
R142_0040,deontic_formula,possa,L_deontic,,"…ione de mercanti difficilmente si possa sperare, che il negotio di questa…"
R142_0040,deontic_formula,possa,L_deontic,,"…ale, che habbia questa piazza, si possa rimetter in buon stato, tenendo l…"
R142_0040,deontic_formula,possa,L_deontic,,"…r fermo, che per altra via non si possa assicurar la navigatione, et li s…"
R142_0040,deontic_formula,possino,L_deontic,,"…oi capitali, né con altro mezo si possino redur le sigurta a segno, che res…"
R142_0040,deontic_formula,possino,L_deontic,,"…mente ne vi è alcun pericolo, che possino esser offese, anzi potriano in og…"
R142_0040,deontic_formula,si potria,L_deontic,,"… di quello, che portassero in la, si potria farle ritirar in Cipro, fino che …"
R142_0040,deontic_formula,si potria,L_deontic,,"…iamo detto di sopra, esso Galione si potria disarmare, ma quando paresse a Vo…"
R142_0040,deontic_formula,si potria,L_deontic,,… per mercantia al sudetto viaggio si potria navigarlo per mercantia con la mi…
R142_0040,deontic_formula,Giudichiamo,L_deontic,,"…scono sopra modo, come s’intende. Giudichiamo anco necessario, che sia provisto…"
R142_0040,deontic_formula,non possino,L_deontic,,…isto che vasselli di sorte alcuna non possino partire per Levante se non à temp…
R142_0040,deontic_formula,possino,L_deontic,,… che vasselli di sorte alcuna non possino partire per Levante se non à temp…
R142_0040,deontic_formula,si potria,L_deontic,,"…e, com’è in effetto, Et di questo si potria farne far il sazo à Constantinopo…"
R142_0040,deontic_formula,si potria,L_deontic,,"…ll’altra moneda, con il qual mezo si potria non solo dar gran reputatione, et…"
R142_0040,deontic_formula,si potria,L_deontic,,"…o facile a questa nova moneda, ma si potria anco sperare di escluder li sudet…"
R142_0040,fiscal_term,cottimo,L_fiscal,,"…ie et estraordinarie eccessive di cottimo, la mercantia resta maggiormente …"
R142_0040,fiscal_term,datij,L_fiscal,,"…, che hanno molto avantagio nelli datij, dove conducono le loro mercantie…"
R142_0040,fiscal_term,datij,L_fiscal,,…aria anco di molto augumento alli datij di V. S.ta. Noi havuta matura con…
R142_0040,fiscal_term,datij,L_fiscal,,"…, ma con interesse et danno delli datij di Vostra Serenita. Et per che qu…"
R142_0040,monetary_expression,ducati,L_monetary,,"…usano pero questa, anzi con cento ducati di moneda di questa Cecca si fa i…"
R142_0040,institutional_term,Savij,L_institution,,…esso di ordine delli Ecc.mi ss.ri Savij sotto 30 Zugno prossimo passato a…
R142_0040,institutional_term,Senato,L_institution,,…delle sue leggi prese nell’Ecc.mo Senato in questo proposito. Ma crederess…
R142_0040,decision_orientation,recommend,M_orientation_from_closing,low,"…gran reputatione, et essito facile a questa nova moneda, ma si potria anco sperare di escluder li sudetti reali, et per la causa …"
R142_0040,policy_domain,trade_regulation,M_domain_cues,low,cue: mercant
R142_0040,document_trigger,commission,M_trigger_incipit,medium,Fu commesso di ordine delli Ecc.mi ss.ri Sav…
R142_0040,place,Venezia,G_gazetteer,,"…nte più volentieri, che la moneda Venetiana et per ciò havendo voluto haver…"
R142_0040,place,Costantinopoli,G_gazetteer,,"…sto si potria farne far il sazo à Constantinopoli da ministri deputati dal Bassa, d…"
R142_0040,place,Alessandria,G_gazetteer,,"…i, che sono stati in Soria, et in Alessandria et con altri mercanti, nobeli, ci…"
R142_0040,place,Cipro,G_gazetteer,,"…in la, si potria farle ritirar in Cipro, fino che li fosse proveduto di c…"
R142_0040,place,Candia,G_gazetteer,,"…le galie grosse armate fino sopra Candia, et de la in poi potria far anco …"
R142_0040,place,Napoli,G_gazetteer,,"…rso li vasselli di sicilia, et di Napoli li quali si ben tolevano tutto qu…"
R142_0040,place,Aleppo (Soria),G_gazetteer,,"… ss.ri consoli, che sono stati in Soria, et in Alessandria et con altri m…"
R142_0040,place,Levante,G_gazetteer,,"…o, et assicurar la navigatione di Levante. Per essecutione di che, havendo …"
R142_0041,deontic_formula,stimiamo,L_deontic,,"…le doane da terra et da mar, cosi stimiamo parimente, che sia bene conceder …"
R142_0041,deontic_formula,possino,L_deontic,,"…esente nell’off° dell’Insida, che possino nel medesimo termine di un mese, …"
R142_0041,decision_orientation,inform,M_orientation_from_closing,low,"… piedi di V. S.ta, a noi sotto feb° 1608 commessa et cio le dicemo con nostro giuramento rimettendoci etc."
R142_0041,policy_domain,trade_regulation,M_domain_cues,low,cue: mercant
R142_0041,place,Venezia,G_gazetteer,,"…’anno 1580, fin l’anno 1590, come Venetiani senza il solito giuramento di p…"
R142_0041,place,Cipro,G_gazetteer,,"…api delli mercanti del viaggio de Cipro, et Soria, dimandanti, che essend…"
R142_0041,place,Aleppo (Soria),G_gazetteer,,"…mercanti del viaggio de Cipro, et Soria, dimandanti, che essendo loro mol…"
R142_0042,deontic_formula,imiamo c,L_deontic,,…le SS.VV: Ecc.me ma solo perche stimiamo che questo possa partorire gran dis…
R142_0042,deontic_formula,ssa p,L_deontic,,…solo perche stimiamo che questo possa partorire gran discorso in essa nat…
R142_0042,deontic_formula,ssa h,L_deontic,,"…espressamente prohibito, che vi possa habitar altri hebrei che mercanti, …"
R142_0042,deontic_formula,ssino c,L_deontic,,"…on ad altro fine, se non perche possino con la loro summa sapienza andar pe…"
R142_0042,fiscal_term,gravezza,L_fiscal,,"…to a V.ra S.ta la qual vedendo la gravezza, et l’importantia di tanto negoti…"
R142_0042,fiscal_term,"tij, ",L_fiscal,,"…ieni con danno publico et delli datij, delibero l’Ecc.mo Senato con il pa…"
R142_0042,fiscal_term,tij c,L_fiscal,,…antie dal pagamento di tutti li datij con altri privilegij: ma perche fos…
R142_0042,fiscal_term,"tio, ",L_fiscal,,"…e doveva durar l’essentione del datio, la quale fu poi prorogata di doi i…"
R142_0042,fiscal_term,"tij, ",L_fiscal,,"…po furono poi regolati tutti li datij, et redotti ad un solo pagamento di…"
R142_0042,fiscal_term,"tio, ",L_fiscal,,"…nia alta, et bassa a certo poco datio, che è quello, che pagano anco al p…"
R142_0042,fiscal_term,tij c,L_fiscal,,"…el negotio, et utile delli suoi datij come appare dalle pubbliche note, c…"
R142_0042,institutional_term,Savi,L_institution,,"…etto nuovo, che per decisione dei Savi erano state poste, e minacciati i…"
R142_0042,institutional_term,Savi,L_institution,,…inacciati in casa i guardiani\! I Savi condannano pesantemente questa in…
R142_0042,institutional_term,Savi,L_institution,,…perché le serrature stabilite dai Savi erano state approvate dal Collegi…
R142_0042,institutional_term,Collegio,L_institution,,"…ai Savi erano state approvate dal Collegio e dal Senato, e ratificate dai pr…"
R142_0042,institutional_term,Senato,L_institution,,"…tate approvate dal Collegio e dal Senato, e ratificate dai precedenti Catt…"
R142_0042,institutional_term,Collegio,L_institution,,… come ha veduto hieri nell’Ecc.mo Collegio si trova in grandissima confusion…
R142_0042,institutional_term,Senato,L_institution,,"…, che le è stata data dall’Ecc.mo Senato quando furono chiamati all’habita…"
R142_0042,institutional_term,llegio c,L_institution,,… commissione datane dall’Ecc.mo Collegio coll’autorità dell’Ecc.mo Senato pr…
R142_0042,institutional_term,nato p,L_institution,,…legio coll’autorità dell’Ecc.mo Senato provisto (?) di habitatione nel Ghe…
R142_0042,institutional_term,nato d,L_institution,,…pra cio dalla parte dell’ecc.mo Senato di 27 settembre passato sopra la no…
R142_0042,institutional_term,nato i,L_institution,,"…he sono state fatte dall’Ecc.mo Senato in tutti li tempi, secondo, che ha …"
R142_0042,institutional_term,nato l,L_institution,,"…onvenienti deliberò coll’ecc.mo Senato l’anno 1516 a 29 marzo, che tutti l…"
R142_0042,institutional_term,"llegio, ",L_institution,,"…essero esser eletti dall’ecc.mo collegio, et dattili da esso quelli ordeni, …"
R142_0042,institutional_term,llegio p,L_institution,,…li fossero dati pur dall’Ecc.mo Collegio per la sua bona custodia. Che quell…
R142_0042,institutional_term,"llegio, ",L_institution,,"…ssero aggionti dall’Ecc.mo pien collegio, et se ad essi ss.ri cattaveri pare…"
R142_0042,institutional_term,"llegio, ",L_institution,,"…l preso raccordarlo nell’ecc.mo Collegio, accioche da esso fosse deliberato …"
R142_0042,institutional_term,vi d,L_institution,,…terpretate se non con li cinque savi del Consiglio di Pregadi. Questa è …
R142_0042,institutional_term,nato c,L_institution,,"…sione, che fu fatta dall’Ecc.mo Senato circa il Ghetto Nuovo dalla parte v…"
R142_0042,institutional_term,nato c,L_institution,,"… delli datij, delibero l’Ecc.mo Senato con il parer anco di nostri Precess…"
R142_0042,institutional_term,llegio f,L_institution,,"…541 deliberato, che dall’Ecc.mo Collegio fosse dato il carico a quel magistr…"
R142_0042,institutional_term,"llegio, ",L_institution,,"…strato et approbati nell’Ecc.mo Collegio, dovendo restar essi hebrei sempre …"
R142_0042,institutional_term,nato. ,L_institution,,…me se fusse fatto per l’istesso senato. Per essecution della qual parte fu…
R142_0042,institutional_term,llegio c,L_institution,,…della qual parte fu dall’Ecc.mo Collegio commesso tal carico all’Officio nos…
R142_0042,institutional_term,"llegio, ",L_institution,,"…o 1541 et approbati dall’Ecc.mo Collegio, li quali contengono alzar li muri …"
R142_0042,institutional_term,nato h,L_institution,,"…deliberativa datali dall’Ecc.mo Senato ha sempre custodito esso Ghetto, et…"
R142_0042,institutional_term,nato s,L_institution,,…elibero similmente con l’Ecc.mo Senato secondo nel Raccordo del q. Daniel …
R142_0042,institutional_term,"nato, ",L_institution,,"…spresso nella parte dell’Ecc.mo Senato, nella quale è similmente detto che…"
R142_0042,institutional_term,nato d,L_institution,,"…he sono state fatte dall’Ecc.mo Senato dall’Ecc.mo Collegio, et dal Magist…"
R142_0042,institutional_term,"llegio, ",L_institution,,"… dall’Ecc.mo Senato dall’Ecc.mo Collegio, et dal Magistrato nostro per la au…"
R142_0042,institutional_term,nato d,L_institution,,…ia la deliberatione dell’Ecc.mo Senato dell’anno 1516 quando instituì il G…
R142_0042,institutional_term,"llegio, ",L_institution,,"… alcun’altra regula nell’Ecc.mo Collegio, al qual sta poi la deliberatione p…"
R142_0042,institutional_term,llegio. ,L_institution,,"…attaveri, ma all’istesso Ecc.mo Collegio. Ne vediamo come voglino in virtù d…"
R142_0042,institutional_term,"nato, ",L_institution,,"…1514, al qual tempo se l’Ecc.mo Senato, che havesse voluto, che li ss.ri C…"
R142_0042,institutional_term,llegio c,L_institution,,"…eva, che commettesse all’Ecc.mo Collegio che disputasse altro magistrato a t…"
R142_0042,institutional_term,nato c,L_institution,,"…rande equivoco, perche l’Ecc.mo Senato con quelle parole si lascia chiaram…"
R142_0042,institutional_term,llegio c,L_institution,,…n haverebbe commesso all’Ecc.mo Collegio che deputasse altro Magistrato. Li …
R142_0042,institutional_term,nato n,L_institution,,"…tale fosse stata la volonta del Senato non si sarebbono impediti, ne li Pr…"
R142_0042,institutional_term,nato a,L_institution,,"…eri, che pur anch’essi erano in Senato al prender di essa deliberatione l’…"
R142_0042,institutional_term,"vij, ",L_institution,,"…pre sotto la custodia di Cinque Savij, et se qualche volta l’è stata data…"
R142_0042,institutional_term,"llegio, ",L_institution,,"…ciò dato conto nell’Ecc.mo pien collegio, dal quale furono in contradittorio…"
R142_0042,institutional_term,vij. ,L_institution,,"…spettassi all’officio di cinque Savij. Queste sono le cose, delle quali h…"
R142_0042,policy_domain,minorities_governance,M_domain_cues,low,cue: hebre
R142_0042,person,Daniel Rodriga,P_quondam,,…o Senato secondo nel Raccordo del q. Daniel Rodriga di privilegiare li detti hebrei L…
R142_0042,place,Venezia,G_gazetteer,,"…et altre fossero indrizzate per Venetia, et per cio alli 2 di zugno prese p…"
R142_0042,place,Costantinopoli,G_gazetteer,,"… resta è nelle loro mano, cosi di Constantinopoli, come della Morea, et particolarm…"
R142_0042,place,Spalato,G_gazetteer,,"…icolarmente quello della scala di Spalato, che a questi tempi è il principa…"
R142_0042,place,Roma,G_gazetteer,,"…diti suoi, massime quello della Romania alta, et bassa, ma che era in ma…"
R142_0043,fiscal_term,gravezze,L_fiscal,,"…iù di 30 anni, Daniele 28; per le gravezze, “si è veduto, come per la mita d…"
R142_0043,fiscal_term,decima,L_fiscal,,"…che possiedono, è stato pagato la decima principiando dall’anno 1581 fin n…"
R142_0043,fiscal_term,j di ,L_fiscal,,…detto Zuane ha espedito nelli datij di doana da terra da mar et uscita gr…
R142_0043,fiscal_term,a da ,L_fiscal,,…ne ha espedito nelli datij di doana da terra da mar et uscita gran quanti…
R142_0043,fiscal_term,"j, et",L_fiscal,,"…iara di ducati pagati in essi datij, et tuttavia va continuando…”"
R142_0043,monetary_expression,ti pag,L_monetary,,"…eneficio de molti migliara di ducati pagati in essi datij, et tuttavia va …"
R142_0043,policy_domain,taxation_customs,M_domain_cues,low,cue: dati
R142_0043,place,Venezia,G_gazetteer,,"…sop.to si è maridato in donna venetiana, con la quale ha procreato figliuol…"
R142_0044,fiscal_term,datij,L_fiscal,,…non apporti quell’utili alli suoi datij come in detta loro risposta a pen…
R142_0044,institutional_term,Senato,L_institution,,"….me et deliberato poi dall’ecc.mo Senato, sopra di che pare a noi, che dov…"
R142_0044,decision_orientation,inform,M_orientation_from_closing,low,"… Civile et Criminale siano soggetti al loro, et ad altri li dicemo che quanto alla criminalità questo ne anco cade al presente…"
R142_0044,policy_domain,trade_regulation,M_domain_cues,low,cue: mercant
R142_0044,document_trigger,supplica,M_trigger_incipit,medium,… dalli Cl.mi ss.ri Cattaveri alla supplicatione delli mercanti hebrei levant…
R142_0045,deontic_formula,possino,L_deontic,,"…ro prossimo, acciochè li mercanti possino con maggior suo commodo proveder …"
R142_0045,policy_domain,trade_regulation,M_domain_cues,low,cue: mercant
R142_0046,deontic_formula,non possano,L_deontic,,… per Bisenzone per fiera di Santi non possano in questi ritorni di detta fiera …
R142_0046,deontic_formula,possano,L_deontic,,… Bisenzone per fiera di Santi non possano in questi ritorni di detta fiera …
R142_0046,policy_domain,trade_regulation,M_domain_cues,low,cue: mercant
R142_0046,place,Venezia,G_gazetteer,,"…nate a far il conto di Bisenzone, Venetiana, Fiorentina, Genovese, et altre…"
R142_0046,place,Firenze,G_gazetteer,,"…il conto di Bisenzone, Venetiana, Fiorentina, Genovese, et altre, che tutte u…"
R142_0047,policy_domain,citizenship_privilege,M_domain_cues,low,cue: cittadin
R142_0047,place,Venezia,G_gazetteer,,"…gis mercante di vino, che abita a Venezia da quarant"
R142_0048,fiscal_term,datio,L_fiscal,,… Ponente siano essenti da tutto’l datio dell’intrada iuxta la parte del S…
R142_0048,fiscal_term,datio,L_fiscal,,… questa città fossero essenti dal datio dell’Intrada per anni quattro con…
R142_0048,fiscal_term,datio,L_fiscal,,"…e concessa tutta la essention del datio, et alle forestiere la metà di qu…"
R142_0048,fiscal_term,datio,L_fiscal,,"…che questa essentione de tutto il datio sia concessa a navi venetiane, et…"
R142_0048,fiscal_term,datio,L_fiscal,,"…ella di esso Colombo, la mita del datio, con tutto ciò essendo essa nave …"
R142_0048,institutional_term,Senato,L_institution,,"…o dell’intrada iuxta la parte del Senato di 25 zugno 1608, essendo uno del…"
R142_0048,institutional_term,Senato,L_institution,,…publici fu deliberato dall’Ecc.mo Senato l’anno 1598 a 3 settembre con pre…
R142_0048,institutional_term,Senato,L_institution,,"…sta et presa la parte nell’Ecc.mo Senato de 25 Zugno 1608 sopranominata, p…"
R142_0048,decision_orientation,grant,M_orientation_from_closing,low,"… beneficio a tutte le altre navi di simil natura, et cio le dicemo con nostro giurameno rimettendosi"
R142_0048,policy_domain,shipping_navigation,M_domain_cues,low,cue: nave
R142_0048,document_trigger,supplica,M_trigger_incipit,medium,È supplicata la S.ta V. dal fedel Prospero C…
R142_0048,person,Prospero Colombo,P_subject_head,,Prospero Colombo lane condotte con la sua nave
R142_0048,place,Venezia,G_gazetteer,,…esse tornar à servitio delle navi venetiane l’habilitar quelli piu delli fo…
R142_0048,place,Ponente,G_gazetteer,,…n questa città con la sua nave di Ponente siano essenti da tutto’l datio de…
R142_0049,deontic_formula,stimiamo,L_deontic,,"…ercando loro giudici intorno cio, stimiamo esser conveniente che dalla S.ta …"
R142_0049,fiscal_term,cottimo,L_fiscal,,Mercanti d’Alessandria per vania cottimo Habbiamo noi etc. veduta la suppl…
R142_0049,fiscal_term,cottimo,L_fiscal,,"…questa spesa vada a conto di quel cottimo, delegar loro quella pretensione …"
R142_0049,fiscal_term,Cottimo,L_fiscal,,"… (?) alli signori Proveditori del Cottimo di Alessandria, et come in essa s…"
R142_0049,fiscal_term,cottimo,L_fiscal,,"…anti far formar processo al detto cottimo per dilucidar le sue ragioni, noi…"
R142_0049,institutional_term,Proveditori,L_institution,,"…ella pretensione (?) alli signori Proveditori del Cottimo di Alessandria, et co…"
R142_0049,decision_orientation,inform,M_orientation_from_closing,low,"…o a decider, et terminar quanto sara di giustitia et cio le dicemo con nostro giuramento rimettendosi etc."
R142_0049,policy_domain,trade_regulation,M_domain_cues,low,cue: mercant
R142_0049,document_trigger,supplica,M_trigger_incipit,medium,Habbiamo noi etc. veduta la supplicatione di mercanti sudditi suoi per…
R142_0049,place,Costantinopoli,G_gazetteer,,… persone che sono state mandate a Constantinopoli con auttorita di consigli di dodi…
R142_0049,place,Alessandria,G_gazetteer,,Mercanti d’Alessandria per vania cottimo
R142_0050,monetary_expression,ducati,L_monetary,,"…va, che li fallimenti ascendono a ducati 2007376 ducati / doi milliona set…"
R142_0050,monetary_expression,ducati 2007376,L_monetary,,"…va, che li fallimenti ascendono a ducati 2007376 ducati / doi milliona settemille …"
R142_0050,monetary_expression,2007376 ducati,L_monetary,,… li fallimenti ascendono a ducati 2007376 ducati / doi milliona settemille tresent…
R142_0050,monetary_expression,ducati,L_monetary,,…imenti ascendono a ducati 2007376 ducati / doi milliona settemille tresent…
R142_0050,monetary_expression,ducati,L_monetary,,… settemille tresento settanta sie ducati non comprese le somme da ducati 1…
R142_0050,monetary_expression,ducati,L_monetary,,…e ducati non comprese le somme da ducati 150 in zò Queste ritirate sono fa…
R142_0050,monetary_expression,ducati 150,L_monetary,,…e ducati non comprese le somme da ducati 150 in zò Queste ritirate sono fatte …
R142_0050,decision_orientation,regulate,M_orientation_from_closing,low,"…n la sua suprema auttorita venga in quella risolutione, che stimera sufficiente per rimedio di disordine cosi pernicioso passat…"
R142_0050,policy_domain,trade_regulation,M_domain_cues,low,cue: mercant
R142_0050,place,Levante,G_gazetteer,,"…anco et ingrossati alle scale del Levante li traffichi di ogni natione, che…"
R142_0050,place,Ponente,G_gazetteer,,"…ne, che hora fanno li vasselli di Ponente essendosi con il mezo di essa imp…"
R142_0051,deontic_formula,debba,L_deontic,,"…he il dar ordine, che il mercante debba lassar in doana nell’estrazer le …"
R142_0051,deontic_formula,debba,L_deontic,,"…i, et non fatta la satisfattione, debba essa robba esser venduta al publi…"
R142_0051,fiscal_term,Datio,L_fiscal,,Datio delle sei per cento circa l’assic…
R142_0051,fiscal_term,datio,L_fiscal,,"…icuratione delli pagamenti per il datio delle sei per cento, che fu delib…"
R142_0051,fiscal_term,datio,L_fiscal,,… passati che hanno governato esso datio sono stati sempre di tempo in tem…
R142_0051,fiscal_term,datio,L_fiscal,,"…to?) con l’istesso danaro di esso datio, che li veniva a restar nelle man…"
R142_0051,fiscal_term,datio,L_fiscal,,…ndo correr la essatione di questo datio a nome publico non è dubio alcuno…
R142_0051,fiscal_term,datio,L_fiscal,,… mercanti l’intiero pagamento del datio con insolito rigore senza commodi…
R142_0051,fiscal_term,datij,L_fiscal,,"…iezi che sono soliti assicurar li datij, che questa alteratione et mutati…"
R142_0051,fiscal_term,datio,L_fiscal,,"….ta V. per l’assicuration di esso datio, discorso da noi sopra ciò quanto…"
R142_0051,fiscal_term,doana,L_fiscal,,"…, che il mercante debba lassar in doana nell’estrazer le sue mercantie ta…"
R142_0051,fiscal_term,datio,L_fiscal,,"…ia per il valor dell’ammontar del datio, et la mita piu con habilità di p…"
R142_0051,fiscal_term,datio,L_fiscal,,"…ta piu con habilità di pagar esso datio nel termine di mesi quattro, li q…"
R142_0051,fiscal_term,datio,L_fiscal,,…et del tratto sia prima pagato il datio pena et spese et l’avanzo sia poi…
R142_0051,fiscal_term,datio,L_fiscal,,"…eresse della mercantia et di esso datio, et con questo fine humilmente si…"
R142_0051,monetary_expression,10 per cento,L_monetary,,…ta al publico incanto con pena de 10 per cento et del tratto sia prima pagato il…
R142_0051,institutional_term,Collegio,L_institution,,…dalla S.ta Vostra nell’Ecc.mo suo Collegio havuta matura consideratione sopr…
R142_0051,decision_orientation,inform,M_orientation_from_closing,low,"…sser governato, et scosso a nome publico, riverentemente le dicemo, che dalli datiari passati che hanno governato esso datio s…"
R142_0051,policy_domain,taxation_customs,M_domain_cues,low,cue: dati
R142_0051,document_trigger,commission,M_trigger_incipit,medium,…o noi sopra la mercantia iuxta la commissione datane dalla S.ta Vostra nell’Ec…
R142_0052,deontic_formula,si potria,L_deontic,,…clinato a termini molto ristretti si potria differir la provisione per conser…
R142_0052,deontic_formula,laudiamo,L_deontic,,"…utamo la prohibitione dannosa, et laudiamo il restituir la libertà a ogni co…"
R142_0052,deontic_formula,Stimiamo,L_deontic,,"…rticipatione di tutte le nationi. Stimiamo pero, che a rinfrancar il smarito…"
R142_0052,deontic_formula,possino,L_deontic,,"…à Vostra, credendo noi che queste possino esser provisioni sofficienti, et …"
R142_0052,deontic_formula,possino,L_deontic,,"…si fanno in aliene giurisdittioni possino esser con danno di alcuno, tanto …"
R142_0052,deontic_formula,obligati,L_deontic,,"…ratione di Vostra Serenità, esser obligati alle seguenti conditioni. \- Chi …"
R142_0052,deontic_formula,obligati,L_deontic,,… consueto de forestieri. \- Siano obligati far capitar in questa città ogni …
R142_0052,deontic_formula,obligati,L_deontic,,"…nti, o commessi di fattoria siano obligati in ogni parte, dove si troveranno…"
R142_0052,deontic_formula,possa,L_deontic,,…tis servandis acciò di esso se ne possa servir nel pagar li datij come ci…
R142_0052,fiscal_term,gravezze,L_fiscal,,"…, et con haver pagate le publiche gravezze per detto tempo con pena alli con…"
R142_0052,fiscal_term,gravezze,L_fiscal,,"…se l’animo per levar alcuna delle gravezze, che si sono in questi ultimi tem…"
R142_0052,fiscal_term,datij,L_fiscal,,"…con augumento considerabile delli datij, persuadendosi con fondamento di …"
R142_0052,fiscal_term,datij,L_fiscal,,"… il beneficio nel pagamento delli datij, che godeno li suoi cittadini. Et…"
R142_0052,fiscal_term,datij,L_fiscal,,…tioni sostentano gran parte delli datij di Vostra Serenità ove la mercant…
R142_0052,fiscal_term,datij,L_fiscal,,"…o li cittadini avantaggiati nelli datij di doi e tre per cento, stante il…"
R142_0052,fiscal_term,datij,L_fiscal,,"… ritorno fosse avantaggiata nelli datij di quel tanto, che paresse conven…"
R142_0052,fiscal_term,datij,L_fiscal,,"… parte del mondo, pagando li suoi datij secondo il consueto de forestieri…"
R142_0052,fiscal_term,datij,L_fiscal,,"…ico ne ricceva il beneficio nelli datij, i quali pagati d’intrada et usci…"
R142_0052,fiscal_term,cottimo,L_fiscal,,"…Bailo, Consoli, Viceconsoli pagar cottimo, et consolato, et star a ragione …"
R142_0052,fiscal_term,datij,L_fiscal,,"…o se ne possa servir nel pagar li datij come cittadini, et siano salve, e…"
R142_0052,decision_orientation,recommend,M_orientation_from_closing,low,"…a la proposta, che riverentemente le significamo, doveria a parer nostro la suspensione delle leggi esser libera senza prescrittione…"
R142_0052,policy_domain,trade_regulation,M_domain_cues,low,cue: mercant
R142_0052,place,Venezia,G_gazetteer,,"…tibili le piazze di Marsiglia, et Venetia confondendo l’una il negotio dell…"
R142_0052,place,Spalato,G_gazetteer,,"…brea, quando institui la scala di Spalato, alla quale fu concesso non sola …"
R142_0052,place,Levante,G_gazetteer,,"…te da questa città alle scale del Levante, discorrendo in esso suo ricordo,…"
R142_0052,place,Ponente,G_gazetteer,,"… mercantia, et la navigatione del Ponente, e quello di Levante ridotto in m…"
R142_0053,deontic_formula,possa,L_deontic,,"…eicommissi, affine che il Giudice possa ben informato regolar il suo giud…"
R142_0053,deontic_formula,stimiamo,L_deontic,,"…no sopra interessi ne anco questo stimiamo esser degno di alcuna scusa, poic…"
R142_0053,deontic_formula,possa,L_deontic,,"…ma legge vien ordinato che non si possa dar salvi condotti, nel qual part…"
R142_0053,deontic_formula,non possa,L_deontic,,"…si esser tolto fuori d’ogni casa, non possa in alcun tempo esser assolto, se …"
R142_0053,deontic_formula,possa,L_deontic,,"…sser tolto fuori d’ogni casa, non possa in alcun tempo esser assolto, se …"
R142_0053,deontic_formula,Stimiamo,L_deontic,,…iede la sua attual presentatione. Stimiamo anco molto necessario imponer obl…
R142_0053,deontic_formula,possa,L_deontic,,"…a fraude e all’hora, et non prima possa sottoscriversi, ma se fosse prova…"
R142_0053,deontic_formula,debbano,L_deontic,,…n far che le mogli in simili casi debbano fare li suoi pagamenti di dote co…
R142_0053,deontic_formula,possino,L_deontic,,… Li falliti da ducati mille in zo possino esser accordati senza l’attual pr…
R142_0053,monetary_expression,ducati,L_monetary,,"…li però, che fossero creditori da ducati mille in su se il fallimento pass…"
R142_0053,monetary_expression,ducati,L_monetary,,…le in su se il fallimento passerà ducati diese mille ma essendo di minor s…
R142_0053,monetary_expression,ducati,L_monetary,,… siano ballottati li creditori da ducati cento in su. Restano grandemente …
R142_0053,monetary_expression,ducati,L_monetary,,…alli contradittori. Li falliti da ducati mille in zo possino esser accorda…
R142_0053,decision_orientation,inform,M_orientation_from_closing,low,…siano sottoposti come quelli di maggior summa. Questo tanto rappresentiamo riverentemente alla S.ta V. non perche si persuadiamo di ap…
R142_0053,policy_domain,credit_bankruptcy,M_domain_cues,low,cue: falli
